1;Keksz;2016-2-20;7;szuka;Kis oroszlánkutya;közepes;1;27;foghiányos;egészséges;közepes vörös fekete zöld;kedveli a sétákat;1;0;2022-5-24;http://localhost/allat_kepek/209.jpg
2;Szerecsendió;2015-12-10;8;szuka;Törpe uszkár;egészséges;0;10;egészséges;rossz;közepes fehér rózsaszín kék;szeret sétálni a parkban;1;0;2021-6-23;http://localhost/allat_kepek/197.jpg
3;Kaarjack;2015-10-9;8;kan;Szlovák drótszőrű vizsla;egészséges;0;11;fogszuvas;közepes;kicsi arany sötétbarna kék;szeret ölelni;1;0;2022-3-13;http://localhost/allat_kepek/98.jpg
4;Bogáncs;2017-9-25;6;szuka;Estrelai hegyikutya;rossz;0;28;fogszuvas;egészséges;nagy arany fekete kék;szeret úszni;1;0;2021-5-18;http://localhost/allat_kepek/20.jpg
5;Frakk;2018-1-17;5;kan;Groenendael;közepes;0;13;foghiányos;közepes;nagy barna rózsaszín barna;szeret játszani;1;0;2022-6-5;http://localhost/allat_kepek/3.jpg
6;Maya;2015-3-9;8;kan;Német kopó;rossz;1;29;foghiányos;rossz;közepes barna fekete barna;szeret futkosni a kertben;1;0;2022-3-13;http://localhost/allat_kepek/202.jpg
7;Fifi;2016-8-1;7;szuka;Svéd juhászspitz;közepes;1;20;egészséges;egészséges;kicsi barna vörös barna;szeret az ablakban ülni;1;0;2021-9-16;http://localhost/allat_kepek/47.jpg
8;Jegecske;2016-5-18;7;kan;Tacskó;egészséges;1;12;foghiányos;rossz;nagy vörös sötétbarna kék;be van gyulladva a füle;1;0;2022-5-1;http://localhost/allat_kepek/114.jpg
9;Mogyoró;2015-3-18;8;kan;Spanyol masztiff;egészséges;1;29;egészséges;közepes;közepes vörös sötétbarna barna;köröm vágást igényel;1;0;2021-2-25;http://localhost/allat_kepek/96.jpg
10;Cézár;2017-2-2;6;kan;Leopard cur;egészséges;0;13;foghiányos;közepes;nagy fekete barna zöld;be van gyulladva a füle;1;0;2022-4-13;http://localhost/allat_kepek/173.jpg
11;Keiko;2015-10-5;8;kan;Ausztrál selyemszőrű terrier;egészséges;1;9;fogszuvas;közepes;nagy fehér rózsaszín barna;szeret futkosni a kertben;1;0;2022-11-18;http://localhost/allat_kepek/49.jpg
12;Grész;2017-8-25;6;szuka;Portugál vizsla;egészséges;1;26;fogszuvas;egészséges;közepes arany fekete zöld;szeret úszni;1;0;2022-9-4;http://localhost/allat_kepek/158.jpg
13;Adél;2018-6-1;5;szuka;Pikárdiai kék spániel;közepes;1;1;egészséges;közepes;közepes barna fekete barna;szeret sétálni a parkban;1;0;2022-4-24;http://localhost/allat_kepek/191.jpg
14;Ádáz;2017-2-16;6;szuka;Karéliai medvekutya;rossz;1;29;foghiányos;rossz;közepes arany fekete zöld;imád aludni;1;0;2022-1-12;http://localhost/allat_kepek/207.jpg
15;Jasper;2017-11-25;6;szuka;Mallorcai pásztorkutya;egészséges;0;14;fogszuvas;közepes;közepes foltos rózsaszín kék;köröm vágást igényel;1;0;2022-8-2;http://localhost/allat_kepek/191.jpg
16;Gigi;2015-3-15;8;szuka;Rampur agár;közepes;0;10;egészséges;rossz;nagy vörös fekete kék;köröm vágást igényel;1;0;2022-1-1;http://localhost/allat_kepek/188.jpg
17;Adél;2016-7-13;7;kan;Beagle harrier;közepes;1;7;egészséges;rossz;kicsi barna sötétbarna zöld;szeret fürdeni a tóban;1;0;2022-7-2;http://localhost/allat_kepek/157.jpg
18;Pötyi;2018-9-13;5;szuka;Groenendael;egészséges;0;9;fogszuvas;közepes;kicsi fekete rózsaszín kék;szeret ölelni;1;0;2022-9-17;http://localhost/allat_kepek/124.jpg
19;Hasszán;2016-2-14;7;szuka;Kanári-szigeteki kutya;közepes;0;12;egészséges;egészséges;közepes vörös vörös kék;be van gyulladva a füle;1;0;2022-5-24;http://localhost/allat_kepek/84.jpg
20;Viti;2017-9-19;6;kan;Lakeland terrier;közepes;0;20;fogszuvas;rossz;nagy barna barna kék;szeret az ablakban ülni;1;0;2021-10-23;http://localhost/allat_kepek/202.jpg
21;Tekergő;2020-6-14;3;szuka;Német spicc;közepes;1;11;fogszuvas;egészséges;nagy foltos sötétbarna barna;be van gyulladva a füle;1;0;2022-6-5;http://localhost/allat_kepek/87.jpg
22;Csibész;2016-12-8;7;szuka;Pumi;rossz;1;17;fogszuvas;rossz;közepes barna rózsaszín barna;kedveli a sétákat;1;0;2022-11-13;http://localhost/allat_kepek/122.jpg
23;Csöpi;2019-9-25;4;kan;Drótszőrű isztriai kopó;közepes;0;30;foghiányos;közepes;közepes szürke barna kék;szeret sétálni a parkban;1;0;2021-4-16;http://localhost/allat_kepek/72.jpg
24;Bütyök;2017-8-11;6;kan;Lajka;egészséges;0;21;fogszuvas;rossz;közepes foltos sötétbarna zöld;be van gyulladva a füle;1;0;2021-6-13;http://localhost/allat_kepek/82.jpg
25;Maya;2015-9-27;8;kan;Carolina kutya;rossz;0;1;egészséges;közepes;közepes vörös fekete zöld;szeret futkosni a kertben;1;0;2022-1-3;http://localhost/allat_kepek/85.jpg
26;Kaarjack;2018-9-17;5;kan;Brazil terrier;rossz;0;28;foghiányos;közepes;nagy fehér fekete kék;szeret fürdeni a tóban;1;0;2021-4-15;http://localhost/allat_kepek/142.jpg
27;Jorgosz;2016-6-3;7;szuka;Mexikói meztelen kutya;egészséges;1;22;egészséges;közepes;nagy tigriscsíkos sötétbarna barna;imád aludni;1;0;2021-9-2;http://localhost/allat_kepek/116.jpg
28;Inzy;2016-4-23;7;szuka;Törpe uszkár;közepes;0;26;egészséges;egészséges;nagy sárga vörös barna;szeret kutyakölykökkel játszani;1;0;2021-6-11;http://localhost/allat_kepek/56.jpg
29;Parádé;2019-11-6;4;kan;Rövidszőrű magyar vizsla;rossz;1;13;egészséges;rossz;nagy sárga barna barna;köröm vágást igényel;1;0;2021-9-20;http://localhost/allat_kepek/107.jpg
30;Iván;2019-4-8;4;kan;Longdog;közepes;0;17;foghiányos;egészséges;nagy tigriscsíkos sötétbarna barna;szeret labdázni;1;0;2022-8-4;http://localhost/allat_kepek/138.jpg
31;Igloo;2018-7-1;5;kan;Pomerániai törpespicc;közepes;0;7;foghiányos;közepes;közepes fehér fekete barna;szeret nyugodtan pihenni;1;0;2021-11-11;http://localhost/allat_kepek/7.jpg
32;Melák;2016-9-1;7;szuka;Nyugat-szibériai lajka;rossz;1;5;egészséges;közepes;közepes fekete rózsaszín zöld;szeret nyugodtan pihenni;1;0;2022-6-11;http://localhost/allat_kepek/94.jpg
33;Chilli;2017-11-18;6;szuka;Lengyel alföldi juhászkutya;egészséges;1;1;egészséges;egészséges;közepes szürke sötétbarna zöld;imád aludni;1;0;2022-6-8;http://localhost/allat_kepek/117.jpg
34;Kloé;2019-5-11;4;szuka;Belga vizsla;rossz;1;18;fogszuvas;egészséges;nagy sárga rózsaszín kék;szeret ölelni;1;0;2021-6-22;http://localhost/allat_kepek/0.jpg
35;Pisze;2020-8-15;3;kan;Soft coated wheaten terrier;közepes;0;13;fogszuvas;rossz;nagy barna barna zöld;be van gyulladva a füle;1;0;2021-4-13;http://localhost/allat_kepek/99.jpg
36;Lady;2018-5-3;5;szuka;Kooikerhondje;közepes;0;21;fogszuvas;egészséges;nagy szürke vörös kék;szeret játszani;1;0;2022-10-15;http://localhost/allat_kepek/53.jpg
37;Amaya;2016-6-22;7;szuka;Vendée-i griffonkopó;egészséges;1;12;foghiányos;közepes;közepes szürke barna zöld;szeret fürdeni a tóban;1;0;2021-11-21;http://localhost/allat_kepek/139.jpg
38;Rea;2015-10-27;8;kan;Billy;rossz;1;17;egészséges;egészséges;nagy foltos barna barna;szeret ölelni;1;0;2021-6-9;http://localhost/allat_kepek/97.jpg
39;Csibész;2017-3-24;6;kan;Fehér-fekete francia kopó;rossz;1;19;fogszuvas;rossz;közepes szürke sötétbarna zöld;köröm vágást igényel;1;0;2021-7-21;http://localhost/allat_kepek/134.jpg
40;Szofi;2019-9-17;4;szuka;Beauce-i juhászkutya;közepes;0;22;foghiányos;rossz;kicsi fekete fekete barna;be van gyulladva a füle;1;0;2022-11-1;http://localhost/allat_kepek/23.jpg
41;Hobbit;2018-11-28;5;kan;Ardenneki pásztorkutya;rossz;1;7;egészséges;rossz;kicsi vörös sötétbarna zöld;szeret úszni;1;0;2022-5-8;http://localhost/allat_kepek/164.jpg
42;Nimród;2017-10-5;6;kan;Siba inu;egészséges;1;23;foghiányos;közepes;közepes sárga vörös kék;kedves és barátságos;1;0;2022-6-3;http://localhost/allat_kepek/12.jpg
43;Bodri;2019-3-15;4;kan;Soft coated wheaten terrier;egészséges;0;22;egészséges;közepes;kicsi szürke sötétbarna kék;szeret játszani a labdával;1;0;2021-3-3;http://localhost/allat_kepek/179.jpg
44;Jágó;2018-3-24;5;kan;Pikárdiai juhászkutya;rossz;1;5;egészséges;egészséges;közepes foltos rózsaszín barna;szeret fürdeni a tóban;1;0;2022-2-8;http://localhost/allat_kepek/6.jpg
45;Sziszi;2017-9-10;6;szuka;Hosszúszőrű német vizsla;rossz;0;25;fogszuvas;rossz;kicsi tigriscsíkos fekete kék;szeret sétálni a parkban;1;0;2022-2-27;http://localhost/allat_kepek/169.jpg
46;Bessz;2015-3-20;8;kan;Silken Windhound;rossz;0;22;fogszuvas;rossz;nagy tigriscsíkos sötétbarna zöld;szeret sétálni a parkban;1;0;2021-12-9;http://localhost/allat_kepek/101.jpg
47;Jimmy;2015-5-5;8;kan;Erdélyi kopó  Magyarország;rossz;0;11;egészséges;rossz;kicsi vörös barna kék;több mozgást igényel;1;0;2022-8-22;http://localhost/allat_kepek/181.jpg
48;Ballu;2017-9-22;6;kan;Angol pointer;egészséges;1;16;fogszuvas;egészséges;kicsi vörös barna kék;kedveli a sétákat;1;0;2022-3-1;http://localhost/allat_kepek/199.jpg
49;Szerecsendió;2018-6-11;5;kan;Német dog;közepes;0;4;fogszuvas;rossz;nagy szürke sötétbarna zöld;imád aludni;1;0;2021-5-10;http://localhost/allat_kepek/113.jpg
50;Jegecske;2016-9-8;7;kan;Manchester terrier;rossz;1;3;fogszuvas;egészséges;közepes sárga fekete kék;kedveli a sétákat;1;0;2021-7-20;http://localhost/allat_kepek/51.jpg
51;Zizi;2018-7-1;5;szuka;Catahoulai leopárdkutya;közepes;1;4;fogszuvas;egészséges;közepes sárga fekete zöld;szeret sétálni a parkban;1;0;2022-3-2;http://localhost/allat_kepek/164.jpg
52;Jumbó;2017-5-18;6;szuka;Pikárdiai juhászkutya;egészséges;0;16;foghiányos;közepes;nagy fehér rózsaszín kék;szeret ölelni;1;0;2022-12-25;http://localhost/allat_kepek/8.jpg
53;Kai;2016-4-13;7;kan;Lajka;közepes;1;18;foghiányos;közepes;kicsi sárga fekete barna;szeret nyugodtan pihenni;1;0;2022-8-4;http://localhost/allat_kepek/86.jpg
54;Don;2020-11-22;3;kan;Welsh corgi;rossz;0;2;egészséges;rossz;kicsi szürke vörös barna;imád aludni;1;0;2022-8-18;http://localhost/allat_kepek/11.jpg
55;Éva;2018-7-25;5;kan;Törpespitz;rossz;1;19;egészséges;egészséges;kicsi sárga fekete kék;bélférges;1;0;2022-2-1;http://localhost/allat_kepek/127.jpg
56;Sámson;2019-4-24;4;kan;Olasz agár;egészséges;1;3;fogszuvas;egészséges;nagy arany barna barna;szeret úszni;1;0;2022-9-9;http://localhost/allat_kepek/188.jpg
57;Keksz;2019-8-20;4;kan;Drótszőrű német vizsla;egészséges;0;2;fogszuvas;egészséges;kicsi vörös sötétbarna zöld;szeret az ablakban ülni;1;0;2022-3-9;http://localhost/allat_kepek/78.jpg
58;Szerecsendió;2018-10-21;5;kan;Bichon havanese;közepes;1;14;egészséges;rossz;kicsi sárga barna zöld;szeret úszni;1;0;2021-9-12;http://localhost/allat_kepek/136.jpg
59;Shiva;2016-2-26;7;kan;Manchester terrier;közepes;0;5;foghiányos;közepes;kicsi tigriscsíkos fekete zöld;szeret labdázni;1;0;2022-2-7;http://localhost/allat_kepek/34.jpg
60;Frida;2017-11-14;6;kan;Telomian;rossz;0;10;egészséges;közepes;közepes barna sötétbarna kék;szeret ölelni;1;0;2022-9-22;http://localhost/allat_kepek/68.jpg
61;Ládikó;2016-8-14;7;szuka;Drótszőrű griffon;rossz;1;26;fogszuvas;egészséges;nagy szürke barna kék;kedveli a sétákat;1;0;2022-6-5;http://localhost/allat_kepek/208.jpg
62;Glédis;2018-3-9;5;szuka;Újfundlandi;közepes;1;9;foghiányos;közepes;közepes tigriscsíkos sötétbarna kék;be van gyulladva a füle;1;0;2022-8-4;http://localhost/allat_kepek/182.jpg
63;FuFu;2018-2-13;5;szuka;Osztrák pinscher;közepes;0;17;egészséges;rossz;kicsi barna fekete barna;köröm vágást igényel;1;0;2021-7-23;http://localhost/allat_kepek/151.jpg
64;Suzy;2015-7-20;8;kan;Nápolyi masztiff;rossz;0;15;foghiányos;rossz;nagy fehér barna zöld;kedves és barátságos;1;0;2021-1-5;http://localhost/allat_kepek/48.jpg
65;Napóleon;2019-6-15;4;szuka;Finn spicc;rossz;1;21;egészséges;rossz;nagy barna rózsaszín kék;szeret játszani;1;0;2022-1-15;http://localhost/allat_kepek/18.jpg
66;Frida;2017-9-7;6;kan;Hosszúszőrű német vizsla;egészséges;1;2;egészséges;egészséges;nagy fehér rózsaszín zöld;szeret nyugodtan pihenni;1;0;2022-12-10;http://localhost/allat_kepek/66.jpg
67;Csibész;2015-5-1;8;kan;Drótszőrű magyar vizsla;közepes;0;21;egészséges;rossz;nagy fehér rózsaszín zöld;imád aludni;1;0;2021-11-13;http://localhost/allat_kepek/55.jpg
68;Pitti;2019-7-22;4;kan;Csivava;közepes;1;28;fogszuvas;rossz;közepes sárga barna barna;szeret az ablakban ülni;1;0;2022-8-17;http://localhost/allat_kepek/14.jpg
69;Goldy;2020-6-3;3;szuka;Dunker;egészséges;1;12;fogszuvas;egészséges;kicsi tigriscsíkos barna zöld;imád aludni;1;0;2022-2-4;http://localhost/allat_kepek/91.jpg
70;Rüszi;2015-9-9;8;kan;Amerikai pitbull terrier;rossz;1;3;fogszuvas;egészséges;kicsi szürke vörös kék;szeret az ablakban ülni;1;0;2022-2-21;http://localhost/allat_kepek/40.jpg
71;Bugatti;2016-10-10;7;kan;Német kopó;közepes;0;1;egészséges;közepes;kicsi arany rózsaszín zöld;be van gyulladva a füle;1;0;2022-11-20;http://localhost/allat_kepek/132.jpg
72;Szerecsendió;2018-12-21;5;szuka;Törpe schnauzer;rossz;1;23;egészséges;rossz;közepes barna fekete kék;szeret az ablakban ülni;1;0;2022-10-24;http://localhost/allat_kepek/186.jpg
73;Gopher;2020-8-17;3;kan;Mioritic pásztorkutya;egészséges;0;9;foghiányos;rossz;közepes vörös rózsaszín barna;szeret labdázni;1;0;2021-6-25;http://localhost/allat_kepek/102.jpg
74;Jabba;2019-4-15;4;szuka;Affenpinscher;rossz;0;14;foghiányos;közepes;közepes szürke fekete zöld;szeret játszani a labdával;1;0;2021-8-2;http://localhost/allat_kepek/100.jpg
75;Csöpi;2017-12-15;6;kan;Holland juhászkutya;egészséges;1;5;fogszuvas;közepes;nagy barna vörös zöld;köröm vágást igényel;1;0;2021-4-15;http://localhost/allat_kepek/126.jpg
76;Gopher;2017-8-13;6;kan;Szlovák csuvacs;közepes;0;30;fogszuvas;rossz;kicsi foltos vörös zöld;köröm vágást igényel;1;0;2021-4-9;http://localhost/allat_kepek/87.jpg
77;Szeti;2018-12-9;5;kan;Holland juhászkutya;rossz;1;14;egészséges;egészséges;közepes barna fekete barna;szeret fürdeni a tóban;1;0;2021-1-5;http://localhost/allat_kepek/36.jpg
78;Peggi;2015-10-21;8;kan;Kyi leo;rossz;1;12;fogszuvas;egészséges;kicsi barna sötétbarna zöld;szeret labdázni;1;0;2022-1-12;http://localhost/allat_kepek/4.jpg
79;Vadóc;2020-11-12;3;kan;Cane corso;közepes;0;1;fogszuvas;egészséges;közepes vörös rózsaszín zöld;bélférges;1;0;2021-1-14;http://localhost/allat_kepek/95.jpg
80;Askim;2017-1-25;6;szuka;Sealyham terrier;közepes;0;20;fogszuvas;közepes;közepes sárga sötétbarna kék;szeret ölelni;1;0;2022-12-28;http://localhost/allat_kepek/141.jpg
81;Gigi;2018-2-26;5;kan;Catahoulai leopárdkutya;közepes;1;19;foghiányos;rossz;közepes tigriscsíkos fekete barna;szeret kutyakölykökkel játszani;1;0;2022-12-13;http://localhost/allat_kepek/41.jpg
82;Keiko;2015-4-14;8;szuka;Akita inu;egészséges;1;3;fogszuvas;egészséges;kicsi vörös rózsaszín kék;kedveli a sétákat;1;0;2021-9-23;http://localhost/allat_kepek/45.jpg
83;Fló;2018-4-3;5;kan;Keeshond;rossz;0;18;egészséges;közepes;kicsi barna sötétbarna zöld;szeret kutyakölykökkel játszani;1;0;2022-5-3;http://localhost/allat_kepek/82.jpg
84;Plutó;2019-11-5;4;szuka;Hygen kopó;egészséges;1;9;egészséges;rossz;kicsi arany barna kék;köröm vágást igényel;1;0;2021-5-24;http://localhost/allat_kepek/137.jpg
85;Szofi;2020-3-18;3;szuka;Chesapeake Bay retriever;közepes;1;12;fogszuvas;egészséges;kicsi barna vörös barna;szeret sétálni a parkban;1;0;2022-7-11;http://localhost/allat_kepek/155.jpg
86;Jockey;2016-10-17;7;szuka;Spanyol kopó;közepes;1;3;fogszuvas;közepes;nagy sárga rózsaszín zöld;több mozgást igényel;1;0;2021-3-23;http://localhost/allat_kepek/12.jpg
87;Lassie;2018-4-28;5;kan;Cseh szálkás szakállú vizsla;rossz;1;7;egészséges;közepes;nagy sárga fekete zöld;szeret ölelni;1;0;2022-6-2;http://localhost/allat_kepek/132.jpg
88;Karesz;2019-11-11;4;kan;Basset hound;közepes;0;4;egészséges;egészséges;nagy foltos barna kék;szeret fürdeni a tóban;1;0;2021-5-10;http://localhost/allat_kepek/184.jpg
89;Okonor;2019-4-22;4;kan;Phalène;közepes;0;4;fogszuvas;egészséges;kicsi fekete fekete barna;szeret ölelni;1;0;2022-5-21;http://localhost/allat_kepek/208.jpg
90;Gopher;2015-2-21;8;szuka;Amerikai meztelen terrier;egészséges;1;27;egészséges;rossz;kicsi fekete rózsaszín kék;szeret játszani a labdával;1;0;2021-8-1;http://localhost/allat_kepek/20.jpg
91;Jegecske;2016-5-18;7;kan;Nagy vendée-i griffon basset;rossz;0;10;fogszuvas;rossz;nagy fehér rózsaszín zöld;szeret játszani;1;0;2021-10-4;http://localhost/allat_kepek/25.jpg
92;Suhanc;2020-2-6;3;szuka;Spanyol agár;rossz;1;9;foghiányos;közepes;nagy barna fekete zöld;imád aludni;1;0;2021-1-22;http://localhost/allat_kepek/192.jpg
93;Cadbury;2017-12-11;6;kan;Longdog;rossz;1;30;fogszuvas;egészséges;közepes sárga fekete zöld;szeret labdázni;1;0;2021-4-6;http://localhost/allat_kepek/6.jpg
94;Kai;2018-5-7;5;szuka;Cirneco dell’Etna;közepes;1;4;fogszuvas;egészséges;kicsi tigriscsíkos rózsaszín zöld;szeret kutyakölykökkel játszani;1;0;2021-3-25;http://localhost/allat_kepek/23.jpg
95;Killer;2015-8-1;8;szuka;Mioritic pásztorkutya;közepes;1;26;foghiányos;egészséges;kicsi vörös sötétbarna zöld;több mozgást igényel;1;0;2021-7-7;http://localhost/allat_kepek/182.jpg
96;Lassie;2019-5-1;4;szuka;Holland juhászkutya;rossz;1;25;fogszuvas;rossz;nagy vörös barna zöld;imád aludni;1;0;2021-8-13;http://localhost/allat_kepek/183.jpg
97;Elvis;2020-1-24;3;kan;Portugál juhászkutya;közepes;0;15;egészséges;egészséges;kicsi szürke barna barna;kedves és barátságos;1;0;2022-5-4;http://localhost/allat_kepek/56.jpg
98;Lasszó;2015-1-18;8;szuka;Hosszúszőrű német vizsla;rossz;1;10;foghiányos;egészséges;nagy barna fekete zöld;kedves és barátságos;1;0;2022-9-2;http://localhost/allat_kepek/177.jpg
99;Igric;2017-8-3;6;szuka;Rövidszőrű magyar vizsla;rossz;1;13;egészséges;rossz;közepes tigriscsíkos rózsaszín kék;szeret sétálni a parkban;1;0;2021-12-7;http://localhost/allat_kepek/103.jpg
100;Vitéz;2019-9-7;4;szuka;Görög kopó;rossz;1;14;foghiányos;közepes;nagy tigriscsíkos vörös kék;szeret az ablakban ülni;1;0;2022-3-13;http://localhost/allat_kepek/43.jpg
101;Ládikó;2017-8-27;6;kan;Yorkshire terrier;egészséges;0;25;fogszuvas;közepes;nagy fehér barna kék;szeret az ablakban ülni;1;0;2021-11-18;http://localhost/allat_kepek/94.jpg
102;Sakál;2016-7-23;7;kan;Kaukázusi juhászkutya;egészséges;1;23;fogszuvas;közepes;nagy vörös rózsaszín barna;szeret fürdeni a tóban;1;0;2021-12-1;http://localhost/allat_kepek/4.jpg
103;Karesz;2018-6-28;5;kan;Fehérorosz juhászkutya vagy kelet-európai juhászkutya;rossz;0;19;foghiányos;egészséges;nagy foltos barna zöld;imád aludni;1;0;2022-9-6;http://localhost/allat_kepek/113.jpg
104;Zizi;2015-9-27;8;szuka;Mioritic pásztorkutya;egészséges;1;29;foghiányos;rossz;közepes fekete fekete zöld;szeret fürdeni a tóban;1;0;2022-10-15;http://localhost/allat_kepek/96.jpg
105;Izabell;2017-11-26;6;szuka;Harlekin pincser;közepes;0;25;fogszuvas;közepes;kicsi foltos barna kék;be van gyulladva a füle;1;0;2021-4-26;http://localhost/allat_kepek/157.jpg
106;Elvis;2019-8-10;4;szuka;Estrelai hegyikutya;közepes;0;6;egészséges;rossz;nagy vörös fekete zöld;több mozgást igényel;1;0;2022-6-8;http://localhost/allat_kepek/46.jpg
107;Tofi;2016-9-27;7;kan;Ír vízispániel;rossz;1;7;fogszuvas;rossz;közepes szürke sötétbarna barna;be van gyulladva a füle;1;0;2022-4-28;http://localhost/allat_kepek/209.jpg
108;Rénó;2018-5-27;5;szuka;Hosszúszőrű skót juhászkutya;rossz;0;21;foghiányos;egészséges;kicsi szürke rózsaszín zöld;kedveli a sétákat;1;0;2021-5-9;http://localhost/allat_kepek/83.jpg
109;Félix;2015-3-5;8;kan;Pireneusi juhászkutya;egészséges;0;6;egészséges;rossz;közepes sárga rózsaszín kék;bélférges;1;0;2021-5-27;http://localhost/allat_kepek/48.jpg
110;Gringó;2018-12-14;5;kan;Ausztrál kelpie;közepes;0;30;egészséges;közepes;nagy szürke fekete kék;szeret fürdeni a tóban;1;0;2022-8-15;http://localhost/allat_kepek/77.jpg
111;Stuki;2015-11-20;8;kan;Lapp pásztorkutya;közepes;0;3;egészséges;rossz;nagy fekete vörös zöld;köröm vágást igényel;1;0;2022-10-10;http://localhost/allat_kepek/120.jpg
112;Adonisz;2016-10-22;7;kan;Törpe uszkár;egészséges;1;20;foghiányos;közepes;kicsi szürke rózsaszín barna;szeret fürdeni a tóban;1;0;2022-12-14;http://localhost/allat_kepek/18.jpg
113;Sámson;2016-1-17;7;kan;Alaszkai malamut;közepes;0;7;foghiányos;közepes;kicsi fekete rózsaszín zöld;szeret ölelni;1;0;2021-4-10;http://localhost/allat_kepek/39.jpg
114;Jázmina;2016-9-10;7;szuka;Pireneusi juhászkutya;közepes;0;10;fogszuvas;közepes;közepes fehér sötétbarna zöld;imád aludni;1;0;2021-8-26;http://localhost/allat_kepek/143.jpg
115;Vacak;2017-3-9;6;kan;Moszkvai hosszú szőrű toy terrier;egészséges;1;14;egészséges;rossz;kicsi arany sötétbarna barna;szeret sétálni a parkban;1;0;2021-10-6;http://localhost/allat_kepek/84.jpg
116;Nyikita;2015-2-12;8;kan;Szlovák csuvacs;közepes;1;7;foghiányos;rossz;nagy szürke vörös barna;szeret játszani a labdával;1;0;2021-7-14;http://localhost/allat_kepek/102.jpg
117;Axel;2017-8-4;6;kan;Német spicc;közepes;1;24;foghiányos;egészséges;kicsi fehér rózsaszín kék;szeret kutyakölykökkel játszani;1;0;2021-4-13;http://localhost/allat_kepek/53.jpg
118;Jimmy;2017-11-10;6;szuka;Saarloosi farkaskutya;közepes;1;27;foghiányos;rossz;nagy fehér barna kék;bélférges;1;0;2022-5-23;http://localhost/allat_kepek/28.jpg
119;Hobbit;2019-10-10;4;kan;Kangal;rossz;1;12;egészséges;rossz;közepes barna vörös kék;szeret futkosni a kertben;1;0;2022-10-8;http://localhost/allat_kepek/195.jpg
120;Sziszi;2016-8-23;7;kan;Brie-i juhászkutya;rossz;1;5;foghiányos;közepes;nagy fekete vörös barna;szeret az ablakban ülni;1;0;2022-9-11;http://localhost/allat_kepek/88.jpg
121;Bohém;2019-4-11;4;szuka;Kanári-szigeteki kutya;rossz;1;11;egészséges;egészséges;közepes foltos fekete zöld;több mozgást igényel;1;0;2022-1-8;http://localhost/allat_kepek/25.jpg
122;Pénzecske;2017-2-2;6;szuka;Kaliba kutya;rossz;0;13;fogszuvas;egészséges;kicsi vörös sötétbarna barna;kedveli a sétákat;1;0;2022-5-4;http://localhost/allat_kepek/187.jpg
123;Pamacs;2016-4-6;7;kan;Angol juhászkutya;közepes;1;6;egészséges;egészséges;nagy fekete barna kék;szeret játszani a labdával;1;0;2021-11-27;http://localhost/allat_kepek/112.jpg
124;Askim;2015-7-5;8;szuka;Tacskó;egészséges;1;23;foghiányos;egészséges;kicsi fehér barna zöld;köröm vágást igényel;1;0;2021-12-15;http://localhost/allat_kepek/166.jpg
125;Fickel;2020-5-21;3;kan;King Shepherd;rossz;1;6;fogszuvas;rossz;közepes arany barna barna;szeret úszni;1;0;2021-5-23;http://localhost/allat_kepek/91.jpg
126;Jenny;2018-7-8;5;szuka;Burgosi vizsla;egészséges;0;25;fogszuvas;egészséges;közepes vörös barna kék;imád aludni;1;0;2022-3-26;http://localhost/allat_kepek/166.jpg
127;Pötyi;2015-6-23;8;kan;Újfundlandi;közepes;1;30;foghiányos;rossz;kicsi foltos sötétbarna barna;imád aludni;1;0;2021-9-5;http://localhost/allat_kepek/188.jpg
128;Rex;2018-11-13;5;kan;Gascogne-i kék basset;egészséges;0;26;fogszuvas;rossz;kicsi barna fekete zöld;szeret úszni;1;0;2022-1-18;http://localhost/allat_kepek/59.jpg
129;Lasszó;2018-11-4;5;szuka;Brazil terrier;egészséges;0;22;fogszuvas;rossz;kicsi vörös fekete zöld;szeret labdázni;1;0;2022-7-9;http://localhost/allat_kepek/21.jpg
130;Bugatti;2019-5-3;4;szuka;Jurai kopó;rossz;1;20;foghiányos;egészséges;kicsi arany vörös zöld;imád aludni;1;0;2021-2-4;http://localhost/allat_kepek/33.jpg
131;Gingy;2017-2-23;6;kan;Jurai kopó;rossz;0;10;foghiányos;rossz;közepes foltos barna barna;kedves és barátságos;1;0;2022-7-23;http://localhost/allat_kepek/110.jpg
132;Szetti;2018-3-11;5;szuka;Groenendael;közepes;0;9;egészséges;rossz;kicsi fehér vörös kék;több mozgást igényel;1;0;2021-6-19;http://localhost/allat_kepek/105.jpg
133;Gróf;2020-4-23;3;szuka;Catahoulai leopárdkutya;rossz;1;18;egészséges;rossz;közepes barna vörös barna;szeret fürdeni a tóban;1;0;2021-10-28;http://localhost/allat_kepek/96.jpg
134;Mimi;2018-12-8;5;szuka;Rouilers-i pászorkutya;rossz;1;21;egészséges;egészséges;kicsi vörös sötétbarna kék;szeret az ablakban ülni;1;0;2022-3-22;http://localhost/allat_kepek/155.jpg
135;Mézeske;2015-9-20;8;szuka;Horvát juhászkutya;rossz;1;4;egészséges;egészséges;nagy foltos fekete kék;be van gyulladva a füle;1;0;2021-7-12;http://localhost/allat_kepek/136.jpg
136;Furby;2016-10-1;7;szuka;Kisspitz;egészséges;1;24;foghiányos;közepes;nagy foltos barna zöld;szeret úszni;1;0;2021-9-26;http://localhost/allat_kepek/178.jpg
137;Teo;2017-5-25;6;kan;Brazil terrier;rossz;0;10;foghiányos;egészséges;nagy fehér sötétbarna kék;szeret úszni;1;0;2021-7-14;http://localhost/allat_kepek/67.jpg
138;Ursula;2016-10-8;7;kan;Kooikerhondje;egészséges;0;25;foghiányos;rossz;kicsi sárga rózsaszín kék;köröm vágást igényel;1;0;2021-10-28;http://localhost/allat_kepek/67.jpg
139;Molly;2017-5-16;6;kan;Kis angol terrier;rossz;1;5;fogszuvas;közepes;nagy fekete rózsaszín barna;köröm vágást igényel;1;0;2022-3-6;http://localhost/allat_kepek/192.jpg
140;Hobbit;2018-6-27;5;kan;Kis svájci kopó;közepes;0;6;egészséges;egészséges;közepes vörös vörös kék;szeret játszani a labdával;1;0;2022-3-11;http://localhost/allat_kepek/114.jpg
141;Orlando;2017-11-24;6;szuka;Angol pointer;rossz;1;29;foghiányos;rossz;kicsi szürke fekete barna;kedveli a sétákat;1;0;2021-12-4;http://localhost/allat_kepek/134.jpg
142;Bagira;2017-6-15;6;kan;Blue lacy;rossz;1;2;egészséges;rossz;közepes vörös barna zöld;szeret futkosni a kertben;1;0;2021-12-6;http://localhost/allat_kepek/196.jpg
143;Luigi;2016-5-18;7;szuka;Bullmasztiff;közepes;1;10;foghiányos;rossz;kicsi foltos rózsaszín barna;bélférges;1;0;2022-9-2;http://localhost/allat_kepek/5.jpg
144;Panka;2016-7-6;7;szuka;Berni pásztorkutya;közepes;1;30;egészséges;rossz;kicsi szürke rózsaszín kék;szeret kutyakölykökkel játszani;1;0;2021-8-23;http://localhost/allat_kepek/67.jpg
145;Jázmin;2018-2-6;5;szuka;Koreai jindo kutya;egészséges;0;25;foghiányos;közepes;nagy fekete rózsaszín zöld;be van gyulladva a füle;1;0;2021-8-10;http://localhost/allat_kepek/47.jpg
146;Alfonz;2020-11-15;3;kan;Vörös-fehér ír szetter;egészséges;0;11;egészséges;közepes;nagy fehér barna barna;szeret sétálni a parkban;1;0;2021-12-27;http://localhost/allat_kepek/73.jpg
147;FuFu;2016-7-7;7;szuka;Yorkshire terrier;rossz;0;11;egészséges;közepes;nagy vörös vörös kék;szeret ölelni;1;0;2022-7-9;http://localhost/allat_kepek/8.jpg
148;Pedró;2020-10-15;3;szuka;Lengyel agár;rossz;1;27;egészséges;közepes;nagy sárga barna kék;szeret az ablakban ülni;1;0;2022-5-25;http://localhost/allat_kepek/48.jpg
149;Milli;2020-1-2;3;szuka;Beagle harrier;rossz;1;15;foghiányos;rossz;nagy szürke fekete barna;szeret futkosni a kertben;1;0;2021-2-18;http://localhost/allat_kepek/40.jpg
150;Suzy;2019-5-21;4;szuka;Ír vízispániel;egészséges;1;22;egészséges;egészséges;közepes tigriscsíkos vörös kék;szeret játszani a labdával;1;0;2021-12-12;http://localhost/allat_kepek/17.jpg
151;Milli;2019-7-13;4;szuka;Amerikai meztelen terrier;egészséges;0;3;foghiányos;rossz;nagy tigriscsíkos sötétbarna kék;szeret játszani;1;0;2022-6-19;http://localhost/allat_kepek/60.jpg
152;Limbó;2019-1-23;4;szuka;Karszti pásztorkutya;rossz;1;24;foghiányos;közepes;nagy barna barna kék;bélférges;1;0;2021-11-20;http://localhost/allat_kepek/29.jpg
153;Rénó;2015-7-20;8;kan;Simaszőrű retriever;rossz;0;28;foghiányos;közepes;kicsi vörös vörös kék;szeret ölelni;1;0;2021-1-12;http://localhost/allat_kepek/166.jpg
154;Gandhi;2017-11-27;6;kan;Schipperke;egészséges;1;12;egészséges;rossz;kicsi barna vörös barna;szeret ölelni;1;0;2021-1-10;http://localhost/allat_kepek/65.jpg
155;Nudli;2018-6-22;5;szuka;Border collie;egészséges;1;4;fogszuvas;közepes;közepes szürke fekete kék;szeret úszni;1;0;2021-10-16;http://localhost/allat_kepek/109.jpg
156;Desiré;2019-4-2;4;szuka;Rövidszőrű isztriai kopó;egészséges;0;3;fogszuvas;közepes;közepes vörös fekete barna;imád aludni;1;0;2022-4-2;http://localhost/allat_kepek/112.jpg
157;Zsozsó;2016-9-8;7;kan;Border collie;egészséges;0;14;foghiányos;rossz;nagy sárga fekete kék;szeret futkosni a kertben;1;0;2021-1-8;http://localhost/allat_kepek/168.jpg
158;Gopher;2016-6-13;7;kan;Portugál vízikutya;közepes;0;11;foghiányos;rossz;nagy fekete fekete zöld;szeret úszni;1;0;2021-6-10;http://localhost/allat_kepek/21.jpg
159;Fabula;2017-6-6;6;szuka;Taigan (Kirgiz barzoj);közepes;1;8;fogszuvas;közepes;kicsi szürke fekete barna;köröm vágást igényel;1;0;2022-5-13;http://localhost/allat_kepek/24.jpg
160;Pitti;2019-6-8;4;kan;Laekenois;rossz;0;22;foghiányos;rossz;nagy fekete sötétbarna zöld;több mozgást igényel;1;0;2021-9-4;http://localhost/allat_kepek/52.jpg
161;Lucy;2016-4-21;7;kan;Kanári-szigeteki kutya;közepes;0;10;foghiányos;egészséges;nagy vörös barna kék;szeret ölelni;1;0;2022-3-10;http://localhost/allat_kepek/103.jpg
162;Lucy;2020-8-12;3;kan;Bőrtokos kalippó;rossz;0;30;fogszuvas;rossz;közepes foltos sötétbarna barna;bélférges;1;0;2021-4-25;http://localhost/allat_kepek/196.jpg
163;Ofélia;2020-9-10;3;szuka;Broholmer;egészséges;1;5;egészséges;rossz;nagy vörös barna zöld;imád aludni;1;0;2021-10-4;http://localhost/allat_kepek/59.jpg
164;Félix;2019-6-16;4;kan;Kangal;rossz;0;14;foghiányos;egészséges;nagy fekete fekete kék;szeret játszani a labdával;1;0;2021-4-4;http://localhost/allat_kepek/195.jpg
165;Luigi;2018-1-12;5;kan;Német fürjészeb;közepes;0;28;fogszuvas;közepes;kicsi fehér vörös zöld;szeret sétálni a parkban;1;0;2022-4-15;http://localhost/allat_kepek/49.jpg
166;Téra;2017-12-7;6;szuka;Rouilers-i pászorkutya;egészséges;1;20;fogszuvas;rossz;nagy fehér barna barna;több mozgást igényel;1;0;2022-11-10;http://localhost/allat_kepek/158.jpg
167;Bodri;2020-2-16;3;szuka;Német spicc;közepes;1;3;foghiányos;közepes;közepes szürke fekete barna;szeret fürdeni a tóban;1;0;2021-7-10;http://localhost/allat_kepek/45.jpg
168;Szeszi;2020-7-2;3;szuka;Mopsz;rossz;0;19;fogszuvas;közepes;nagy tigriscsíkos vörös barna;szeret játszani;1;0;2022-4-10;http://localhost/allat_kepek/190.jpg
169;Nessy;2017-5-12;6;szuka;Lucas terrier;egészséges;1;11;fogszuvas;egészséges;kicsi szürke rózsaszín zöld;kedveli a sétákat;1;0;2021-6-26;http://localhost/allat_kepek/8.jpg
170;Tofi;2015-3-23;8;kan;Francia bulldog;egészséges;1;19;egészséges;egészséges;nagy barna sötétbarna zöld;szeret úszni;1;0;2022-5-9;http://localhost/allat_kepek/15.jpg
171;Vanília;2020-1-25;3;szuka;Vadkacsavadász retriever;egészséges;0;26;fogszuvas;egészséges;kicsi arany barna barna;köröm vágást igényel;1;0;2022-4-9;http://localhost/allat_kepek/152.jpg
172;Vacak;2020-9-21;3;kan;Középspitz;egészséges;0;22;egészséges;közepes;nagy szürke fekete kék;be van gyulladva a füle;1;0;2021-8-9;http://localhost/allat_kepek/132.jpg
173;Pufók;2015-4-21;8;kan;Biewer yorkshire terrier;egészséges;0;16;foghiányos;rossz;kicsi sárga fekete zöld;szeret labdázni;1;0;2022-2-25;http://localhost/allat_kepek/159.jpg
174;Limbó;2020-4-24;3;szuka;Ariége-i vizsla;egészséges;0;16;egészséges;rossz;kicsi vörös rózsaszín barna;szeret játszani a labdával;1;0;2022-11-19;http://localhost/allat_kepek/204.jpg
175;Neutron;2019-4-11;4;kan;Belga juhászkutya;közepes;1;20;fogszuvas;egészséges;közepes foltos sötétbarna zöld;szeret labdázni;1;0;2022-5-22;http://localhost/allat_kepek/142.jpg
176;Teo;2019-12-25;4;kan;Finn kopó;közepes;1;3;egészséges;egészséges;közepes vörös rózsaszín zöld;szeret fürdeni a tóban;1;0;2022-9-3;http://localhost/allat_kepek/91.jpg
177;Lewis;2016-10-11;7;szuka;Nyugat-szibériai lajka;rossz;0;21;fogszuvas;közepes;nagy sárga rózsaszín kék;több mozgást igényel;1;0;2021-1-8;http://localhost/allat_kepek/159.jpg
178;Bohém;2016-2-3;7;kan;Rouilers-i pászorkutya;közepes;1;27;fogszuvas;egészséges;kicsi fekete sötétbarna zöld;kedveli a sétákat;1;0;2022-8-16;http://localhost/allat_kepek/69.jpg
179;Iván;2019-9-23;4;kan;Cane corso;közepes;1;8;egészséges;rossz;nagy sárga barna zöld;bélférges;1;0;2022-9-12;http://localhost/allat_kepek/89.jpg
180;Jumbó;2016-2-21;7;kan;Rövidszőrű skót juhászkutya;közepes;0;11;foghiányos;egészséges;kicsi barna barna kék;szeret ölelni;1;0;2021-8-9;http://localhost/allat_kepek/81.jpg
181;Pisze;2020-2-9;3;szuka;Kerry blue terrier;közepes;1;9;foghiányos;egészséges;nagy sárga rózsaszín barna;szeret labdázni;1;0;2022-1-17;http://localhost/allat_kepek/141.jpg
182;Sparco;2020-4-2;3;szuka;Majestic tree hound;egészséges;1;24;fogszuvas;egészséges;kicsi vörös sötétbarna zöld;szeret úszni;1;0;2022-5-27;http://localhost/allat_kepek/117.jpg
183;Edith;2019-1-16;4;kan;Catahoulai leopárdkutya;rossz;1;6;fogszuvas;egészséges;nagy tigriscsíkos rózsaszín zöld;szeret nyugodtan pihenni;1;0;2022-2-21;http://localhost/allat_kepek/190.jpg
184;Inzy;2019-10-4;4;kan;Osztrák kopó;rossz;1;18;fogszuvas;rossz;közepes fekete vörös barna;szeret nyugodtan pihenni;1;0;2022-10-15;http://localhost/allat_kepek/147.jpg
185;Éva;2016-9-6;7;kan;Lagotto romagnolo;rossz;1;1;egészséges;egészséges;nagy tigriscsíkos rózsaszín barna;szeret sétálni a parkban;1;0;2021-8-4;http://localhost/allat_kepek/96.jpg
186;Lewis;2019-5-5;4;kan;Kis oroszlánkutya;egészséges;0;29;fogszuvas;rossz;nagy foltos sötétbarna kék;több mozgást igényel;1;0;2022-9-27;http://localhost/allat_kepek/149.jpg
187;Orchidea;2018-7-9;5;kan;Pireneusi juhászkutya;egészséges;0;22;foghiányos;rossz;nagy tigriscsíkos sötétbarna kék;bélférges;1;0;2022-12-15;http://localhost/allat_kepek/80.jpg
188;Meggi;2016-2-4;7;kan;Olasz griffon;rossz;1;13;foghiányos;rossz;közepes tigriscsíkos vörös barna;szeret ölelni;1;0;2022-9-24;http://localhost/allat_kepek/124.jpg
189;Lili;2018-3-26;5;kan;Basenji;rossz;1;20;egészséges;közepes;nagy tigriscsíkos rózsaszín zöld;szeret fürdeni a tóban;1;0;2022-11-21;http://localhost/allat_kepek/132.jpg
190;Fáraó;2015-1-13;8;kan;Fehér-cser francia kopó;egészséges;1;2;egészséges;rossz;nagy sárga sötétbarna kék;köröm vágást igényel;1;0;2022-8-7;http://localhost/allat_kepek/15.jpg
191;Lasszó;2016-6-17;7;szuka;Angol springer spániel;közepes;1;22;foghiányos;egészséges;kicsi arany vörös zöld;szeret játszani;1;0;2021-10-6;http://localhost/allat_kepek/177.jpg
192;Teo;2020-4-28;3;kan;Phu-quoc kutya;közepes;0;26;fogszuvas;egészséges;nagy fehér barna barna;szeret sétálni a parkban;1;0;2021-12-19;http://localhost/allat_kepek/115.jpg
193;Pötyi;2019-8-25;4;kan;Cimarrón Uruguayo;közepes;1;10;egészséges;közepes;nagy tigriscsíkos barna kék;szeret futkosni a kertben;1;0;2022-4-7;http://localhost/allat_kepek/94.jpg
194;Pisze;2018-8-28;5;kan;Bichon frisé;egészséges;1;21;egészséges;egészséges;közepes szürke fekete zöld;szeret úszni;1;0;2022-4-6;http://localhost/allat_kepek/11.jpg
195;Desiré;2017-1-23;6;szuka;Fehér-fekete francia kopó;rossz;0;12;egészséges;egészséges;kicsi fehér rózsaszín kék;szeret kutyakölykökkel játszani;1;0;2022-4-17;http://localhost/allat_kepek/3.jpg
196;Zafira;2017-7-5;6;szuka;Eszkimó kutya;közepes;1;3;foghiányos;egészséges;közepes barna barna barna;szeret sétálni a parkban;1;0;2021-3-13;http://localhost/allat_kepek/30.jpg
197;Luigi;2015-8-4;8;szuka;Wolfspitz;rossz;0;10;fogszuvas;rossz;nagy arany vörös kék;szeret ölelni;1;0;2022-3-9;http://localhost/allat_kepek/105.jpg
198;Csülök;2018-11-19;5;kan;Göndörszőrű retriever;egészséges;1;12;egészséges;egészséges;közepes fekete rózsaszín barna;szeret játszani;1;0;2022-3-8;http://localhost/allat_kepek/170.jpg
199;Orchidea;2019-12-11;4;kan;Szíriai pásztorkutya;egészséges;0;29;egészséges;közepes;nagy fehér fekete kék;szeret ölelni;1;0;2022-9-13;http://localhost/allat_kepek/21.jpg
200;Jockey;2016-12-9;7;szuka;Akita inu;egészséges;0;16;fogszuvas;egészséges;kicsi fekete vörös zöld;szeret játszani a labdával;1;0;2021-1-23;http://localhost/allat_kepek/104.jpg
201;Kaarjack;2018-10-25;5;szuka;Nagy gascon-saintonge-i kopó;rossz;0;30;foghiányos;rossz;közepes vörös vörös kék;kedves és barátságos;1;0;2022-8-12;http://localhost/allat_kepek/206.jpg
202;Nessy;2020-1-25;3;kan;Törpe schnauzer;rossz;1;7;fogszuvas;rossz;kicsi fekete barna zöld;szeret kutyakölykökkel játszani;1;0;2022-10-23;http://localhost/allat_kepek/50.jpg
203;Askim;2018-9-24;5;kan;Majestic tree hound;egészséges;0;13;fogszuvas;közepes;kicsi foltos vörös zöld;kedveli a sétákat;1;0;2022-5-27;http://localhost/allat_kepek/178.jpg
204;Zizi;2020-3-14;3;kan;Spániel;rossz;0;8;fogszuvas;egészséges;kicsi szürke sötétbarna barna;szeret ölelni;1;0;2021-7-22;http://localhost/allat_kepek/131.jpg
205;Fickel;2020-1-22;3;szuka;Fríz vízikutya;rossz;1;14;egészséges;közepes;kicsi fekete rózsaszín kék;köröm vágást igényel;1;0;2022-5-8;http://localhost/allat_kepek/51.jpg
206;Zsüti;2016-8-9;7;szuka;Pireneusi hegyikutya;rossz;0;4;egészséges;egészséges;nagy foltos vörös zöld;köröm vágást igényel;1;0;2022-8-28;http://localhost/allat_kepek/68.jpg
207;Stuki;2020-5-2;3;szuka;Rat terrier;egészséges;1;26;foghiányos;közepes;kicsi szürke sötétbarna zöld;szeret sétálni a parkban;1;0;2022-4-21;http://localhost/allat_kepek/156.jpg
208;Morti;2018-8-6;5;szuka;Hertha pointer;közepes;1;11;foghiányos;közepes;kicsi fehér barna zöld;imád aludni;1;0;2021-2-26;http://localhost/allat_kepek/144.jpg
209;Rézi;2015-1-18;8;kan;Smålandi kopó;rossz;0;25;fogszuvas;egészséges;közepes barna fekete kék;szeret játszani a labdával;1;0;2021-12-15;http://localhost/allat_kepek/116.jpg
210;Peggi;2020-8-7;3;szuka;Német pinscher;közepes;0;9;fogszuvas;rossz;közepes barna fekete zöld;kedves és barátságos;1;0;2022-12-23;http://localhost/allat_kepek/124.jpg
211;Desiré;2018-5-2;5;szuka;Tervueren (Belga juhászkutya);rossz;0;22;foghiányos;közepes;közepes tigriscsíkos barna barna;szeret úszni;1;0;2021-7-12;http://localhost/allat_kepek/164.jpg
212;Nimród;2020-6-3;3;kan;Simaszőrű retriever;rossz;0;22;fogszuvas;közepes;kicsi foltos sötétbarna zöld;szeret játszani a labdával;1;0;2022-8-10;http://localhost/allat_kepek/199.jpg
213;Kaarjack;2018-8-16;5;kan;Chesapeake Bay retriever;egészséges;1;17;egészséges;egészséges;kicsi barna barna kék;szeret játszani a labdával;1;0;2022-4-8;http://localhost/allat_kepek/123.jpg
214;Zsüti;2018-4-10;5;szuka;Sibaken;rossz;1;18;foghiányos;egészséges;kicsi szürke sötétbarna zöld;imád aludni;1;0;2021-8-22;http://localhost/allat_kepek/117.jpg
215;Inez;2020-2-7;3;szuka;Whippet;rossz;0;8;fogszuvas;közepes;közepes tigriscsíkos vörös barna;szeret úszni;1;0;2022-10-18;http://localhost/allat_kepek/69.jpg
216;Jumbó;2017-9-21;6;szuka;Belga vizsla;rossz;1;9;egészséges;egészséges;nagy barna sötétbarna kék;szeret játszani a labdával;1;0;2022-12-9;http://localhost/allat_kepek/97.jpg
217;Leila;2015-6-7;8;szuka;Longdog;rossz;0;7;egészséges;egészséges;közepes barna sötétbarna barna;több mozgást igényel;1;0;2021-4-28;http://localhost/allat_kepek/134.jpg
218;Mogyoró;2020-8-9;3;kan;Beauce-i juhászkutya;rossz;1;12;foghiányos;egészséges;közepes tigriscsíkos barna kék;szeret labdázni;1;0;2021-10-17;http://localhost/allat_kepek/87.jpg
219;Lili;2019-12-5;4;szuka;Azawakh;közepes;1;19;egészséges;közepes;közepes foltos fekete zöld;szeret nyugodtan pihenni;1;0;2021-9-15;http://localhost/allat_kepek/47.jpg
220;Kefir;2018-11-22;5;kan;Bearded collie;közepes;1;26;foghiányos;rossz;nagy vörös vörös kék;szeret kutyakölykökkel játszani;1;0;2022-3-1;http://localhost/allat_kepek/84.jpg
221;Foxi;2020-3-12;3;kan;Portugál kopó;rossz;1;24;fogszuvas;közepes;kicsi foltos barna barna;szeret játszani;1;0;2022-7-28;http://localhost/allat_kepek/115.jpg
222;Igloo;2017-8-8;6;szuka;Tátrai juhászkutya;közepes;1;26;foghiányos;rossz;közepes fehér rózsaszín kék;szeret játszani a labdával;1;0;2022-11-16;http://localhost/allat_kepek/100.jpg
223;Rénó;2015-12-21;8;kan;Kishu ken;rossz;0;16;egészséges;rossz;közepes barna barna kék;több mozgást igényel;1;0;2021-5-24;http://localhost/allat_kepek/167.jpg
224;Frakk;2018-5-1;5;szuka;Hannoveri véreb;egészséges;1;5;foghiányos;egészséges;közepes fehér fekete kék;szeret játszani;1;0;2022-12-9;http://localhost/allat_kepek/5.jpg
225;Orlando;2018-12-10;5;kan;Welsh springer spániel;közepes;0;18;foghiányos;közepes;közepes arany barna zöld;szeret az ablakban ülni;1;0;2021-3-25;http://localhost/allat_kepek/169.jpg
226;FuFu;2020-4-3;3;kan;Spániel;rossz;0;9;foghiányos;egészséges;kicsi tigriscsíkos sötétbarna kék;szeret kutyakölykökkel játszani;1;0;2022-2-5;http://localhost/allat_kepek/36.jpg
227;Kleó;2019-10-22;4;szuka;Középspitz;rossz;0;6;fogszuvas;egészséges;közepes vörös rózsaszín zöld;kedves és barátságos;1;0;2021-6-24;http://localhost/allat_kepek/117.jpg
228;Gerry;2020-7-25;3;kan;Ír terrier;közepes;0;21;egészséges;közepes;kicsi vörös sötétbarna zöld;bélférges;1;0;2022-9-14;http://localhost/allat_kepek/137.jpg
229;Sátán;2019-11-20;4;szuka;Francia spániel;egészséges;1;24;egészséges;közepes;kicsi arany rózsaszín zöld;szeret az ablakban ülni;1;0;2021-6-10;http://localhost/allat_kepek/173.jpg
230;Mambó;2019-10-21;4;szuka;Estrelai hegyikutya;rossz;1;26;egészséges;rossz;kicsi vörös sötétbarna barna;szeret futkosni a kertben;1;0;2022-1-16;http://localhost/allat_kepek/194.jpg
231;Pajtás;2018-3-5;5;szuka;Isztriai kopó;egészséges;0;12;egészséges;egészséges;nagy tigriscsíkos vörös zöld;szeret játszani;1;0;2021-3-10;http://localhost/allat_kepek/61.jpg
232;Dingó;2018-4-12;5;szuka;Nivernais-i griffon;közepes;0;1;foghiányos;rossz;kicsi fehér rózsaszín zöld;szeret futkosni a kertben;1;0;2022-1-9;http://localhost/allat_kepek/167.jpg
233;Pisze;2015-3-12;8;kan;Mexikói meztelen kutya;egészséges;0;7;egészséges;rossz;közepes foltos fekete barna;szeret játszani a labdával;1;0;2022-9-19;http://localhost/allat_kepek/163.jpg
234;Teddy;2015-6-18;8;kan;Angol-francia falkavadász kopó;egészséges;1;5;fogszuvas;közepes;közepes vörös rózsaszín barna;köröm vágást igényel;1;0;2022-9-19;http://localhost/allat_kepek/83.jpg
235;Dean;2019-2-23;4;szuka;Jämthund;egészséges;1;17;egészséges;egészséges;közepes barna vörös kék;szeret nyugodtan pihenni;1;0;2021-12-7;http://localhost/allat_kepek/130.jpg
236;Lulu;2015-7-3;8;kan;Ausztrál csonkafarkú pásztorkutya;egészséges;1;27;fogszuvas;közepes;kicsi vörös barna zöld;szeret játszani a labdával;1;0;2022-7-14;http://localhost/allat_kepek/183.jpg
237;Frida;2015-9-19;8;szuka;Azawakh;közepes;1;5;egészséges;egészséges;közepes tigriscsíkos vörös barna;szeret játszani;1;0;2022-12-19;http://localhost/allat_kepek/152.jpg
238;Szultán;2020-5-21;3;szuka;Óangol juhászkutya;rossz;0;20;fogszuvas;egészséges;kicsi tigriscsíkos rózsaszín zöld;bélférges;1;0;2022-3-21;http://localhost/allat_kepek/104.jpg
239;Nudli;2015-1-4;8;kan;Poitevin;közepes;1;14;egészséges;rossz;nagy arany sötétbarna zöld;köröm vágást igényel;1;0;2021-5-25;http://localhost/allat_kepek/142.jpg
240;Hektor;2015-3-6;8;szuka;Broholmer;rossz;1;23;fogszuvas;rossz;kicsi szürke rózsaszín kék;szeret játszani a labdával;1;0;2021-8-21;http://localhost/allat_kepek/51.jpg
241;Behemót;2019-6-13;4;kan;Szibériai husky;rossz;1;29;fogszuvas;rossz;nagy foltos fekete zöld;szeret sétálni a parkban;1;0;2021-4-20;http://localhost/allat_kepek/7.jpg
242;Wolf;2015-2-11;8;szuka;Pikárdiai spániel;rossz;1;6;egészséges;rossz;kicsi tigriscsíkos rózsaszín zöld;be van gyulladva a füle;1;0;2021-4-12;http://localhost/allat_kepek/117.jpg
243;Maya;2018-2-20;5;szuka;Lurcher;egészséges;1;14;fogszuvas;rossz;nagy arany vörös barna;szeret nyugodtan pihenni;1;0;2021-10-15;http://localhost/allat_kepek/66.jpg
244;Szultán;2018-8-10;5;szuka;Német dog;rossz;0;29;egészséges;egészséges;kicsi fekete sötétbarna kék;kedveli a sétákat;1;0;2022-11-21;http://localhost/allat_kepek/4.jpg
245;Jet;2017-7-8;6;kan;Német fürjészeb;egészséges;0;5;fogszuvas;közepes;közepes szürke fekete zöld;több mozgást igényel;1;0;2022-7-28;http://localhost/allat_kepek/175.jpg
246;Cherie;2015-6-2;8;szuka;Chippiparai;közepes;1;12;egészséges;közepes;nagy fehér sötétbarna zöld;köröm vágást igényel;1;0;2021-4-15;http://localhost/allat_kepek/166.jpg
247;Narancs;2017-10-27;6;kan;Afrikai oroszlánkutya;rossz;1;28;foghiányos;egészséges;kicsi fekete fekete barna;kedves és barátságos;1;0;2021-3-13;http://localhost/allat_kepek/119.jpg
248;Maggie;2016-5-22;7;kan;Rhodesian ridgeback (Afrikai oroszlánkutya);rossz;1;26;egészséges;rossz;nagy fekete barna barna;szeret nyugodtan pihenni;1;0;2021-1-6;http://localhost/allat_kepek/131.jpg
249;Milli;2015-2-2;8;szuka;Orosz fekete terrier;egészséges;1;15;egészséges;közepes;közepes sárga vörös kék;szeret az ablakban ülni;1;0;2022-5-21;http://localhost/allat_kepek/197.jpg
