1;Elíz;2020-2-14;3;kan;Boston terrier;rossz;1;30;fogszuvas;egészséges;nagy sárga fekete barna;szeret futkosni a kertben;1;0;2022-8-7;http://localhost/FKNmenhely/www_tappancs_hu/139.jpg
2;Rénó;2019-12-9;4;kan;Nyugat-szibériai lajka;rossz;0;20;egészséges;egészséges;közepes foltos vörös kék;imád aludni;1;0;2022-11-2;http://localhost/FKNmenhely/www_tappancs_hu/104.jpg
3;Teddy;2016-4-2;7;szuka;Román pásztor kutya;egészséges;0;11;foghiányos;közepes;nagy fehér vörös kék;bélférges;1;0;2022-10-7;http://localhost/FKNmenhely/www_tappancs_hu/16.jpg
4;Pajtás;2019-7-13;4;szuka;Shiloh juhászkutya;rossz;0;19;fogszuvas;rossz;közepes szürke fekete kék;kedveli a sétákat;1;0;2022-8-22;http://localhost/FKNmenhely/www_tappancs_hu/69.jpg
5;Zsömi;2015-9-19;8;kan;Kunming kutya;egészséges;0;23;foghiányos;rossz;közepes foltos fekete barna;szeret nyugodtan pihenni;1;0;2022-7-14;http://localhost/FKNmenhely/www_tappancs_hu/10.jpg
6;Csibész;2020-3-10;3;kan;Nagy gascogne-i kék kopó;rossz;0;23;foghiányos;egészséges;közepes arany rózsaszín barna;szeret sétálni a parkban;1;0;2021-2-7;http://localhost/FKNmenhely/www_tappancs_hu/134.jpg
7;Zorró;2018-1-23;5;kan;Törpespitz;rossz;1;21;egészséges;egészséges;kicsi fehér barna barna;szeret úszni;1;0;2022-4-12;http://localhost/FKNmenhely/www_tappancs_hu/190.jpg
8;Dolfi;2017-2-3;6;kan;Angol springer spániel;egészséges;1;7;fogszuvas;közepes;nagy fekete vörös barna;szeret fürdeni a tóban;1;0;2022-11-14;http://localhost/FKNmenhely/www_tappancs_hu/162.jpg
9;Jenny;2015-5-1;8;szuka;Ír vízispániel;közepes;0;14;foghiányos;közepes;nagy arany rózsaszín barna;imád aludni;1;0;2022-10-19;http://localhost/FKNmenhely/www_tappancs_hu/93.jpg
10;Oszkár;2018-5-15;5;szuka;Golden retriever;egészséges;0;8;foghiányos;közepes;kicsi foltos rózsaszín kék;szeret kutyakölykökkel játszani;1;0;2023-3-7;http://localhost/FKNmenhely/www_tappancs_hu/107.jpg
11;Lassie;2019-1-13;4;kan;Amerikai-kanadai fehér juhászkutya;rossz;0;28;foghiányos;egészséges;közepes fekete vörös barna;kedves és barátságos;1;0;2023-3-10;http://localhost/FKNmenhely/www_tappancs_hu/66.jpg
12;Inez;2016-12-17;7;kan;Német vizsla;rossz;1;29;egészséges;közepes;kicsi foltos rózsaszín zöld;szeret játszani;1;0;2022-7-13;http://localhost/FKNmenhely/www_tappancs_hu/22.jpg
13;Nina;2015-1-25;8;kan;Szlovák kopó;közepes;1;11;foghiányos;rossz;nagy sárga barna kék;bélférges;1;0;2021-12-3;http://localhost/FKNmenhely/www_tappancs_hu/88.jpg
14;Keiko;2016-12-1;7;kan;Berni pásztorkutya;rossz;1;15;egészséges;rossz;kicsi vörös barna kék;szeret nyugodtan pihenni;1;0;2021-10-18;http://localhost/FKNmenhely/www_tappancs_hu/98.jpg
15;Pongó;2020-5-23;3;kan;Uszkár;rossz;0;30;egészséges;közepes;közepes sárga sötétbarna kék;szeret kutyakölykökkel játszani;1;0;2021-3-18;http://localhost/FKNmenhely/www_tappancs_hu/142.jpg
16;Frakk;2020-9-3;3;kan;Lurcher;közepes;0;2;fogszuvas;egészséges;nagy vörös vörös zöld;szeret játszani;1;0;2023-1-7;http://localhost/FKNmenhely/www_tappancs_hu/152.jpg
17;Okonor;2016-8-12;7;szuka;Délorosz juhászkutya;egészséges;1;21;foghiányos;egészséges;kicsi sárga sötétbarna zöld;imád aludni;1;0;2021-8-27;http://localhost/FKNmenhely/www_tappancs_hu/92.jpg
18;Gandhi;2017-1-1;6;szuka;Hertha pointer;egészséges;1;13;foghiányos;egészséges;kicsi barna fekete barna;szeret futkosni a kertben;1;0;2021-4-26;http://localhost/FKNmenhely/www_tappancs_hu/87.jpg
19;Maya;2016-7-27;7;szuka;Lengyel agár;rossz;1;14;foghiányos;egészséges;kicsi tigriscsíkos barna zöld;szeret kutyakölykökkel játszani;1;0;2022-8-19;http://localhost/FKNmenhely/www_tappancs_hu/200.jpg
20;Magnipuss;2019-11-13;4;szuka;Brüsszeli griffon;rossz;0;7;foghiányos;közepes;közepes vörös sötétbarna kék;szeret nyugodtan pihenni;1;0;2022-3-15;http://localhost/FKNmenhely/www_tappancs_hu/191.jpg
21;Shiva;2016-8-1;7;szuka;Groenendael;közepes;1;21;foghiányos;rossz;nagy fekete fekete zöld;szeret az ablakban ülni;1;0;2021-10-20;http://localhost/FKNmenhely/www_tappancs_hu/204.jpg
22;Jimmy;2019-11-20;4;kan;Chesapeake Bay retriever;egészséges;1;17;fogszuvas;rossz;nagy arany rózsaszín kék;imád aludni;1;0;2023-11-24;http://localhost/FKNmenhely/www_tappancs_hu/107.jpg
23;Nudli;2016-4-13;7;kan;Landseer;közepes;1;14;egészséges;rossz;nagy szürke vörös zöld;imád aludni;1;0;2022-5-26;http://localhost/FKNmenhely/www_tappancs_hu/183.jpg
24;Éva;2018-9-3;5;szuka;Spanyol vízikutya;egészséges;1;3;egészséges;közepes;közepes szürke rózsaszín zöld;szeret ölelni;1;0;2023-1-6;http://localhost/FKNmenhely/www_tappancs_hu/163.jpg
25;Ollé;2017-7-20;6;kan;Dandie Dinmont-terrier;közepes;1;2;fogszuvas;egészséges;nagy fehér fekete kék;szeret ölelni;1;0;2022-7-18;http://localhost/FKNmenhely/www_tappancs_hu/1.jpg
26;Axel;2016-5-3;7;kan;Silken Windhound;közepes;1;18;egészséges;rossz;közepes barna vörös barna;szeret nyugodtan pihenni;1;0;2022-7-5;http://localhost/FKNmenhely/www_tappancs_hu/93.jpg
27;Charlie;2018-4-26;5;szuka;Eurázsiai;egészséges;0;5;egészséges;rossz;közepes szürke fekete barna;szeret futkosni a kertben;1;0;2021-2-10;http://localhost/FKNmenhely/www_tappancs_hu/75.jpg
28;Nudli;2016-2-10;7;szuka;Siba inu;közepes;1;6;egészséges;rossz;közepes szürke fekete kék;szeret kutyakölykökkel játszani;1;0;2022-10-3;http://localhost/FKNmenhely/www_tappancs_hu/72.jpg
29;Dingó;2019-7-2;4;kan;Schnauzer;rossz;1;19;foghiányos;rossz;kicsi fekete fekete zöld;köröm vágást igényel;1;0;2021-9-8;http://localhost/FKNmenhely/www_tappancs_hu/91.jpg
30;Tofi;2016-1-10;7;kan;Burgosi vizsla;rossz;1;8;egészséges;közepes;nagy fekete sötétbarna barna;szeret sétálni a parkban;1;0;2021-2-9;http://localhost/FKNmenhely/www_tappancs_hu/38.jpg
31;Molly;2018-3-7;5;szuka;Si-cu;közepes;0;16;foghiányos;rossz;közepes tigriscsíkos barna kék;imád aludni;1;0;2021-3-17;http://localhost/FKNmenhely/www_tappancs_hu/138.jpg
32;Vanília;2017-9-21;6;kan;Chinook;egészséges;1;24;foghiányos;egészséges;közepes vörös sötétbarna kék;szeret ölelni;1;0;2023-2-13;http://localhost/FKNmenhely/www_tappancs_hu/139.jpg
33;Amaya;2019-8-14;4;kan;Kras-medencei juhászkutya;rossz;1;16;foghiányos;egészséges;közepes foltos vörös zöld;szeret kutyakölykökkel játszani;1;0;2021-10-17;http://localhost/FKNmenhely/www_tappancs_hu/161.jpg
34;Jade;2018-5-6;5;szuka;Griffon;egészséges;0;27;foghiányos;közepes;közepes barna barna zöld;szeret úszni;1;0;2021-3-20;http://localhost/FKNmenhely/www_tappancs_hu/101.jpg
35;Nimród;2018-9-24;5;szuka;Pireneusi masztiff;rossz;0;15;foghiányos;közepes;nagy fehér vörös barna;szeret nyugodtan pihenni;1;0;2022-9-11;http://localhost/FKNmenhely/www_tappancs_hu/60.jpg
36;Csöpi;2017-1-15;6;kan;Boxer;közepes;1;30;egészséges;közepes;kicsi arany sötétbarna barna;szeret labdázni;1;0;2022-4-11;http://localhost/FKNmenhely/www_tappancs_hu/191.jpg
37;Mazsola;2020-1-24;3;kan;Alpesi tacskókopó;egészséges;1;3;egészséges;közepes;nagy arany sötétbarna barna;szeret fürdeni a tóban;1;0;2021-3-4;http://localhost/FKNmenhely/www_tappancs_hu/102.jpg
38;Furby;2019-10-7;4;szuka;Kis oroszlánkutya;egészséges;1;10;foghiányos;rossz;közepes tigriscsíkos vörös kék;imád aludni;1;0;2023-12-15;http://localhost/FKNmenhely/www_tappancs_hu/57.jpg
39;Smokie;2018-3-26;5;szuka;Drótszőrű griffon;közepes;1;25;fogszuvas;rossz;közepes fekete fekete zöld;kedves és barátságos;1;0;2022-9-10;http://localhost/FKNmenhely/www_tappancs_hu/74.jpg
40;Nimród;2019-6-12;4;szuka;Bordeaux-i dog;egészséges;1;5;fogszuvas;rossz;közepes tigriscsíkos vörös barna;szeret játszani;1;0;2021-10-23;http://localhost/FKNmenhely/www_tappancs_hu/19.jpg
41;Terry;2020-2-28;3;kan;King Charles spániel;közepes;0;23;egészséges;egészséges;nagy barna fekete zöld;szeret az ablakban ülni;1;0;2022-4-20;http://localhost/FKNmenhely/www_tappancs_hu/62.jpg
42;Zafira;2020-8-1;3;szuka;Olasz vizsla;közepes;1;19;egészséges;közepes;kicsi arany sötétbarna barna;szeret játszani;1;0;2021-2-26;http://localhost/FKNmenhely/www_tappancs_hu/160.jpg
43;Rex;2020-9-18;3;szuka;Norrbotteni spicc;közepes;1;24;foghiányos;közepes;kicsi vörös sötétbarna barna;szeret nyugodtan pihenni;1;0;2023-8-23;http://localhost/FKNmenhely/www_tappancs_hu/162.jpg
44;Behemót;2020-12-18;3;kan;Malinois;egészséges;0;29;foghiányos;közepes;nagy foltos barna zöld;több mozgást igényel;1;0;2021-4-22;http://localhost/FKNmenhely/www_tappancs_hu/169.jpg
45;Lexi;2016-3-24;7;kan;Pireneusi hegyikutya;rossz;1;11;foghiányos;közepes;nagy arany fekete barna;szeret játszani;1;0;2023-9-24;http://localhost/FKNmenhely/www_tappancs_hu/81.jpg
46;Gingy;2015-1-20;8;kan;Angol véreb;közepes;0;5;fogszuvas;közepes;közepes tigriscsíkos fekete barna;szeret játszani a labdával;1;0;2022-3-24;http://localhost/FKNmenhely/www_tappancs_hu/144.jpg
47;Jet;2018-2-13;5;szuka;Holland smoushond;közepes;0;8;egészséges;egészséges;kicsi sárga sötétbarna barna;szeret az ablakban ülni;1;0;2021-10-22;http://localhost/FKNmenhely/www_tappancs_hu/16.jpg
48;Lilla;2017-10-17;6;kan;Hosszúszőrű skót juhászkutya;egészséges;0;17;foghiányos;közepes;közepes fehér vörös barna;szeret az ablakban ülni;1;0;2023-8-16;http://localhost/FKNmenhely/www_tappancs_hu/49.jpg
49;Hasszán;2016-7-27;7;kan;Spániel;egészséges;1;5;foghiányos;közepes;nagy foltos fekete kék;szeret futkosni a kertben;1;0;2022-7-26;http://localhost/FKNmenhely/www_tappancs_hu/86.jpg
50;Behemót;2019-9-26;4;szuka;Cseh terrier;rossz;0;14;foghiányos;egészséges;kicsi arany rózsaszín zöld;szeret kutyakölykökkel játszani;1;0;2023-8-4;http://localhost/FKNmenhely/www_tappancs_hu/120.jpg
51;Magnipuss;2020-10-1;3;szuka;Bulldog;rossz;1;11;foghiányos;rossz;közepes fehér sötétbarna zöld;szeret játszani;1;0;2021-9-12;http://localhost/FKNmenhely/www_tappancs_hu/158.jpg
52;Ballu;2015-7-23;8;kan;Törpespicc;közepes;0;7;fogszuvas;egészséges;kicsi fehér sötétbarna barna;köröm vágást igényel;1;0;2023-5-8;http://localhost/FKNmenhely/www_tappancs_hu/169.jpg
53;Keiko;2017-11-20;6;kan;Kis gascon-saintonge-i kopó;közepes;1;26;foghiányos;egészséges;nagy szürke barna zöld;köröm vágást igényel;1;0;2022-5-7;http://localhost/FKNmenhely/www_tappancs_hu/70.jpg
54;Foxi;2017-7-18;6;szuka;Dobermann;közepes;0;2;egészséges;közepes;nagy vörös sötétbarna kék;imád aludni;1;0;2022-10-5;http://localhost/FKNmenhely/www_tappancs_hu/169.jpg
55;Sámson;2017-6-12;6;kan;Tervueren (Belga juhászkutya);rossz;0;7;fogszuvas;közepes;nagy fehér fekete kék;köröm vágást igényel;1;0;2021-2-16;http://localhost/FKNmenhely/www_tappancs_hu/161.jpg
56;Jázmin;2015-11-12;8;szuka;Fekete-cser mosómedvekopó;közepes;1;16;foghiányos;közepes;közepes vörös vörös barna;szeret játszani;1;0;2022-5-5;http://localhost/FKNmenhely/www_tappancs_hu/111.jpg
57;Terry;2019-5-2;4;szuka;Dalmata;egészséges;1;9;egészséges;közepes;kicsi vörös rózsaszín barna;szeret labdázni;1;0;2023-11-15;http://localhost/FKNmenhely/www_tappancs_hu/80.jpg
58;Ofélia;2017-10-21;6;kan;Karéliai medvekutya;egészséges;0;12;egészséges;rossz;közepes fekete fekete barna;be van gyulladva a füle;1;0;2022-10-8;http://localhost/FKNmenhely/www_tappancs_hu/12.jpg
59;Killer;2020-8-24;3;szuka;Berni kopó;közepes;0;17;egészséges;rossz;közepes sárga barna kék;köröm vágást igényel;1;0;2021-4-21;http://localhost/FKNmenhely/www_tappancs_hu/190.jpg
60;Pandúr;2019-9-24;4;szuka;Kuvasz  Magyarország;rossz;0;6;egészséges;egészséges;közepes szürke rózsaszín kék;kedveli a sétákat;1;0;2023-7-27;http://localhost/FKNmenhely/www_tappancs_hu/53.jpg
61;Pedró;2019-4-7;4;szuka;Angol bulldog;közepes;1;30;foghiányos;közepes;kicsi fekete sötétbarna barna;szeret futkosni a kertben;1;0;2023-11-19;http://localhost/FKNmenhely/www_tappancs_hu/210.jpg
62;Inez;2015-5-21;8;kan;Kis luzerni kopó;egészséges;1;11;fogszuvas;egészséges;nagy fekete rózsaszín kék;kedveli a sétákat;1;0;2022-4-3;http://localhost/FKNmenhely/www_tappancs_hu/40.jpg
63;Leila;2017-8-8;6;szuka;Berni kopó;rossz;1;19;egészséges;közepes;kicsi foltos rózsaszín zöld;szeret az ablakban ülni;1;0;2022-2-21;http://localhost/FKNmenhely/www_tappancs_hu/138.jpg
64;Espresso;2018-9-1;5;szuka;Spanyol vízikutya;közepes;1;2;fogszuvas;rossz;kicsi foltos sötétbarna barna;bélférges;1;0;2023-11-21;http://localhost/FKNmenhely/www_tappancs_hu/15.jpg
65;Jenny;2015-8-9;8;szuka;Pembroke welsh corgi;rossz;0;23;foghiányos;rossz;nagy fekete barna kék;több mozgást igényel;1;0;2023-12-21;http://localhost/FKNmenhely/www_tappancs_hu/190.jpg
66;Zsozsó;2015-12-8;8;szuka;Blue lacy;rossz;0;8;fogszuvas;rossz;kicsi arany sötétbarna zöld;szeret ölelni;1;0;2023-1-20;http://localhost/FKNmenhely/www_tappancs_hu/73.jpg
67;Foxi;2019-6-5;4;kan;Kras-medencei juhászkutya;rossz;1;21;foghiányos;rossz;közepes vörös barna zöld;köröm vágást igényel;1;0;2021-8-26;http://localhost/FKNmenhely/www_tappancs_hu/71.jpg
68;Jumbó;2018-5-1;5;kan;Csau csau;egészséges;0;30;fogszuvas;rossz;közepes tigriscsíkos vörös kék;szeret labdázni;1;0;2022-8-2;http://localhost/FKNmenhely/www_tappancs_hu/146.jpg
69;Lasszó;2020-4-21;3;szuka;Kánaán kutya;rossz;0;3;egészséges;egészséges;közepes tigriscsíkos barna barna;szeret játszani a labdával;1;0;2022-8-16;http://localhost/FKNmenhely/www_tappancs_hu/195.jpg
70;Hektor;2015-10-22;8;szuka;Silken Windhound;egészséges;0;23;fogszuvas;közepes;közepes barna vörös kék;szeret fürdeni a tóban;1;0;2021-3-16;http://localhost/FKNmenhely/www_tappancs_hu/77.jpg
71;Pepe;2019-10-19;4;kan;Pointer;egészséges;1;20;fogszuvas;rossz;nagy fehér fekete zöld;bélférges;1;0;2021-7-24;http://localhost/FKNmenhely/www_tappancs_hu/168.jpg
72;Zsuzsu;2016-1-15;7;kan;Spániel;egészséges;1;20;fogszuvas;rossz;közepes sárga barna zöld;szeret nyugodtan pihenni;1;0;2022-12-17;http://localhost/FKNmenhely/www_tappancs_hu/77.jpg
73;Napóleon;2015-8-27;8;kan;Amerikai pitbull terrier;közepes;0;3;foghiányos;rossz;nagy szürke sötétbarna barna;szeret az ablakban ülni;1;0;2022-7-22;http://localhost/FKNmenhely/www_tappancs_hu/88.jpg
74;Terry;2016-8-2;7;kan;Leopard cur;rossz;1;24;egészséges;rossz;közepes szürke fekete barna;imád aludni;1;0;2022-2-3;http://localhost/FKNmenhely/www_tappancs_hu/110.jpg
75;Behemót;2018-5-16;5;kan;Ausztrál selyemszőrű terrier;közepes;0;30;fogszuvas;közepes;közepes sárga fekete zöld;kedves és barátságos;1;0;2023-2-5;http://localhost/FKNmenhely/www_tappancs_hu/56.jpg
76;Hasszán;2015-9-22;8;szuka;Alpesi tacskókopó;egészséges;0;22;foghiányos;rossz;közepes fehér vörös kék;szeret sétálni a parkban;1;0;2022-4-19;http://localhost/FKNmenhely/www_tappancs_hu/69.jpg
77;Terry;2018-2-25;5;szuka;Hygen kopó;rossz;0;8;egészséges;rossz;kicsi foltos barna barna;szeret úszni;1;0;2021-3-28;http://localhost/FKNmenhely/www_tappancs_hu/99.jpg
78;Alfonz;2015-5-2;8;kan;Pireneusi francia vizsla;egészséges;1;6;foghiányos;közepes;közepes arany barna zöld;szeret játszani a labdával;1;0;2022-8-14;http://localhost/FKNmenhely/www_tappancs_hu/123.jpg
79;Mackó;2018-2-7;5;szuka;Atlaszi hegyikutya;egészséges;1;17;egészséges;rossz;közepes tigriscsíkos barna barna;szeret nyugodtan pihenni;1;0;2023-9-8;http://localhost/FKNmenhely/www_tappancs_hu/27.jpg
80;Adolf;2017-9-15;6;kan;Azori-szigeteki kutya;egészséges;1;9;foghiányos;egészséges;közepes fekete rózsaszín barna;szeret játszani a labdával;1;0;2021-12-16;http://localhost/FKNmenhely/www_tappancs_hu/74.jpg
81;Lewis;2017-1-10;6;kan;Olasz agár;rossz;1;13;egészséges;rossz;kicsi vörös sötétbarna kék;bélférges;1;0;2022-6-12;http://localhost/FKNmenhely/www_tappancs_hu/179.jpg
82;Ajax;2016-7-13;7;kan;Törpespicc;rossz;0;26;egészséges;közepes;kicsi barna rózsaszín kék;szeret játszani a labdával;1;0;2022-12-25;http://localhost/FKNmenhely/www_tappancs_hu/43.jpg
83;Bugatti;2020-4-16;3;kan;Kis gascon-saintonge-i kopó;közepes;0;25;egészséges;közepes;kicsi tigriscsíkos fekete zöld;imád aludni;1;0;2022-10-15;http://localhost/FKNmenhely/www_tappancs_hu/192.jpg
84;Kai;2016-10-9;7;szuka;Német vadászterrier;közepes;0;20;fogszuvas;egészséges;közepes fekete vörös kék;szeret ölelni;1;0;2021-3-7;http://localhost/FKNmenhely/www_tappancs_hu/130.jpg
85;Szeti;2020-5-17;3;kan;Kuvasz  Magyarország;egészséges;0;4;fogszuvas;rossz;nagy barna sötétbarna zöld;bélférges;1;0;2023-2-10;http://localhost/FKNmenhely/www_tappancs_hu/175.jpg
86;Axel;2020-4-16;3;kan;Kanadai eszkimó kutya;közepes;0;18;fogszuvas;rossz;közepes barna sötétbarna barna;szeret kutyakölykökkel játszani;1;0;2021-3-19;http://localhost/FKNmenhely/www_tappancs_hu/53.jpg
87;Melák;2019-4-11;4;szuka;Lengyel vadászkutya;egészséges;0;26;foghiányos;rossz;közepes sárga vörös zöld;bélférges;1;0;2023-1-6;http://localhost/FKNmenhely/www_tappancs_hu/202.jpg
88;Vacak;2016-9-3;7;kan;Angol masztiff;rossz;1;3;egészséges;egészséges;nagy arany fekete zöld;szeret ölelni;1;0;2021-11-25;http://localhost/FKNmenhely/www_tappancs_hu/91.jpg
89;Ládikó;2017-9-16;6;kan;Lurcher;rossz;1;20;egészséges;egészséges;nagy szürke vörös kék;szeret labdázni;1;0;2023-3-26;http://localhost/FKNmenhely/www_tappancs_hu/46.jpg
90;Gerry;2019-10-12;4;szuka;Erdélyi kopó  Magyarország;közepes;0;16;egészséges;egészséges;nagy fehér vörös zöld;kedveli a sétákat;1;0;2022-2-23;http://localhost/FKNmenhely/www_tappancs_hu/38.jpg
91;Jasper;2019-12-3;4;szuka;Lapp pásztorkutya;rossz;0;2;foghiányos;közepes;közepes fekete vörös zöld;több mozgást igényel;1;0;2023-5-17;http://localhost/FKNmenhely/www_tappancs_hu/31.jpg
92;Nessy;2018-12-7;5;szuka;Szávavölgyi kopó;rossz;1;23;foghiányos;rossz;kicsi foltos rózsaszín zöld;szeret játszani a labdával;1;0;2021-7-2;http://localhost/FKNmenhely/www_tappancs_hu/69.jpg
93;Polli;2016-12-12;7;kan;Saage kochee;közepes;0;30;foghiányos;egészséges;kicsi sárga sötétbarna barna;szeret nyugodtan pihenni;1;0;2021-1-10;http://localhost/FKNmenhely/www_tappancs_hu/37.jpg
94;Kefir;2019-7-12;4;kan;Erdélyi kopó  Magyarország;rossz;0;26;foghiányos;rossz;nagy barna rózsaszín barna;szeret fürdeni a tóban;1;0;2021-2-19;http://localhost/FKNmenhely/www_tappancs_hu/162.jpg
95;Azték;2020-9-7;3;szuka;Brazil kopó;rossz;0;1;egészséges;rossz;közepes fekete sötétbarna zöld;imád aludni;1;0;2022-1-26;http://localhost/FKNmenhely/www_tappancs_hu/106.jpg
96;Jonathan;2018-6-20;5;szuka;Schiller-kopó;közepes;0;27;foghiányos;egészséges;közepes tigriscsíkos fekete zöld;szeret játszani a labdával;1;0;2023-7-26;http://localhost/FKNmenhely/www_tappancs_hu/91.jpg
97;Pisze;2019-1-23;4;szuka;Affenpinscher;közepes;1;10;foghiányos;egészséges;kicsi arany rózsaszín zöld;szeret labdázni;1;0;2022-4-22;http://localhost/FKNmenhely/www_tappancs_hu/209.jpg
98;Jasper;2016-12-3;7;kan;Bichon havanese;egészséges;1;8;fogszuvas;egészséges;közepes foltos barna barna;szeret fürdeni a tóban;1;0;2021-2-25;http://localhost/FKNmenhely/www_tappancs_hu/209.jpg
99;Jegecske;2020-3-25;3;kan;Gordon szetter;egészséges;0;11;egészséges;egészséges;kicsi foltos barna zöld;szeret nyugodtan pihenni;1;0;2021-2-13;http://localhost/FKNmenhely/www_tappancs_hu/97.jpg
100;Károly;2019-4-9;4;kan;King Shepherd;rossz;0;9;fogszuvas;rossz;közepes fekete vörös zöld;szeret játszani;1;0;2021-3-18;http://localhost/FKNmenhely/www_tappancs_hu/111.jpg
101;Amaya;2019-10-4;4;kan;Japán spicc;rossz;0;23;foghiányos;egészséges;kicsi fekete rózsaszín kék;szeret játszani;1;0;2022-2-26;http://localhost/FKNmenhely/www_tappancs_hu/64.jpg
102;Viti;2016-9-16;7;szuka;Drótszőrű foxterrier;rossz;0;27;fogszuvas;rossz;nagy fehér rózsaszín kék;bélférges;1;0;2023-7-15;http://localhost/FKNmenhely/www_tappancs_hu/165.jpg
103;Karesz;2015-3-16;8;szuka;Ír szetter;rossz;1;5;fogszuvas;rossz;közepes arany vörös zöld;szeret játszani;1;0;2023-1-23;http://localhost/FKNmenhely/www_tappancs_hu/148.jpg
104;Leó;2019-7-4;4;kan;Francia bulldog;rossz;1;23;egészséges;közepes;nagy sárga sötétbarna barna;köröm vágást igényel;1;0;2023-9-21;http://localhost/FKNmenhely/www_tappancs_hu/119.jpg
105;Éva;2016-2-25;7;kan;Telomian;rossz;1;8;foghiányos;közepes;nagy fekete fekete zöld;szeret az ablakban ülni;1;0;2021-11-8;http://localhost/FKNmenhely/www_tappancs_hu/77.jpg
106;Pamacs;2018-11-22;5;kan;Pikárdiai juhászkutya;egészséges;0;27;egészséges;egészséges;közepes arany vörös zöld;imád aludni;1;0;2022-1-27;http://localhost/FKNmenhely/www_tappancs_hu/17.jpg
107;Melák;2016-6-14;7;szuka;Siba inu;egészséges;0;12;egészséges;egészséges;közepes szürke sötétbarna zöld;imád aludni;1;0;2023-1-4;http://localhost/FKNmenhely/www_tappancs_hu/101.jpg
108;Melák;2015-9-28;8;szuka;Karéliai medvekutya;rossz;0;22;egészséges;rossz;közepes tigriscsíkos vörös kék;szeret sétálni a parkban;1;0;2021-2-27;http://localhost/FKNmenhely/www_tappancs_hu/100.jpg
109;Gopher;2017-8-3;6;szuka;Óangol juhászkutya;egészséges;0;18;foghiányos;rossz;kicsi barna sötétbarna kék;szeret úszni;1;0;2022-2-11;http://localhost/FKNmenhely/www_tappancs_hu/169.jpg
110;Bütyök;2016-3-24;7;szuka;Atlaszi hegyikutya;egészséges;1;28;egészséges;egészséges;kicsi szürke fekete zöld;imád aludni;1;0;2021-8-12;http://localhost/FKNmenhely/www_tappancs_hu/189.jpg
111;Piszok;2018-1-24;5;kan;Német pinscher;egészséges;0;8;egészséges;közepes;kicsi szürke fekete kék;szeret labdázni;1;0;2021-7-7;http://localhost/FKNmenhely/www_tappancs_hu/11.jpg
112;Pötyi;2017-4-28;6;kan;Porcelánkopó;egészséges;0;24;egészséges;egészséges;kicsi sárga sötétbarna barna;kedves és barátságos;1;0;2021-4-18;http://localhost/FKNmenhely/www_tappancs_hu/46.jpg
113;Ádáz;2017-7-5;6;szuka;Pireneusi francia vizsla;rossz;0;16;egészséges;közepes;nagy barna rózsaszín kék;több mozgást igényel;1;0;2021-9-1;http://localhost/FKNmenhely/www_tappancs_hu/143.jpg
114;Lucy;2016-5-12;7;kan;Hokkaido inu;közepes;0;1;fogszuvas;közepes;nagy fehér vörös zöld;több mozgást igényel;1;0;2022-6-6;http://localhost/FKNmenhely/www_tappancs_hu/60.jpg
115;Gerry;2015-2-18;8;kan;Nápolyi masztiff;közepes;1;23;fogszuvas;közepes;közepes vörös sötétbarna barna;köröm vágást igényel;1;0;2022-10-8;http://localhost/FKNmenhely/www_tappancs_hu/175.jpg
116;Zsömi;2017-7-13;6;kan;Francia kopó;rossz;1;10;egészséges;rossz;kicsi barna barna barna;köröm vágást igényel;1;0;2021-4-25;http://localhost/FKNmenhely/www_tappancs_hu/79.jpg
117;Bohém;2020-9-25;3;kan;Kras-medencei juhászkutya;egészséges;1;21;foghiányos;közepes;nagy vörös sötétbarna kék;be van gyulladva a füle;1;0;2022-8-16;http://localhost/FKNmenhely/www_tappancs_hu/24.jpg
118;Adél;2019-10-5;4;kan;Szerb trikolor kopó;rossz;0;20;foghiányos;közepes;kicsi arany rózsaszín zöld;be van gyulladva a füle;1;0;2021-2-7;http://localhost/FKNmenhely/www_tappancs_hu/44.jpg
119;Rénó;2016-3-15;7;szuka;Brüsszeli griffon;közepes;0;23;fogszuvas;közepes;közepes tigriscsíkos sötétbarna kék;szeret játszani a labdával;1;0;2022-1-17;http://localhost/FKNmenhely/www_tappancs_hu/34.jpg
120;Csöpi;2020-2-23;3;szuka;Pomerániai törpespicc;közepes;0;3;fogszuvas;egészséges;kicsi foltos barna barna;be van gyulladva a füle;1;0;2023-8-15;http://localhost/FKNmenhely/www_tappancs_hu/96.jpg
121;Lucy;2015-1-12;8;kan;Shiloh juhászkutya;közepes;0;5;foghiányos;egészséges;közepes fehér vörös kék;több mozgást igényel;1;0;2022-1-18;http://localhost/FKNmenhely/www_tappancs_hu/29.jpg
122;Mancs;2017-7-21;6;szuka;Koreai jindo kutya;közepes;0;22;foghiányos;közepes;közepes fekete barna zöld;több mozgást igényel;1;0;2023-4-11;http://localhost/FKNmenhely/www_tappancs_hu/23.jpg
123;Plutó;2018-6-9;5;kan;Flandriai pásztorkutya;rossz;1;26;foghiányos;közepes;nagy vörös rózsaszín kék;szeret az ablakban ülni;1;0;2023-9-24;http://localhost/FKNmenhely/www_tappancs_hu/104.jpg
124;Pufók;2019-1-22;4;szuka;Mioritic pásztorkutya;rossz;1;7;fogszuvas;rossz;közepes arany barna kék;több mozgást igényel;1;0;2023-8-27;http://localhost/FKNmenhely/www_tappancs_hu/191.jpg
125;Kenny;2016-7-28;7;kan;Gascogne-i francia vizsla;egészséges;1;14;foghiányos;rossz;nagy tigriscsíkos vörös kék;kedveli a sétákat;1;0;2023-8-12;http://localhost/FKNmenhely/www_tappancs_hu/19.jpg
126;Gombi;2016-6-5;7;szuka;Kis angol agár;közepes;0;17;fogszuvas;közepes;nagy foltos vörös kék;szeret fürdeni a tóban;1;0;2021-4-18;http://localhost/FKNmenhely/www_tappancs_hu/142.jpg
127;Vacak;2020-1-11;3;szuka;Belga vizsla;egészséges;1;25;foghiányos;egészséges;kicsi tigriscsíkos barna zöld;szeret játszani;1;0;2021-7-18;http://localhost/FKNmenhely/www_tappancs_hu/21.jpg
128;Lasszó;2020-1-22;3;kan;Coton de tuléar;egészséges;0;26;egészséges;egészséges;nagy szürke barna zöld;bélférges;1;0;2021-2-19;http://localhost/FKNmenhely/www_tappancs_hu/15.jpg
129;Rex;2015-4-9;8;szuka;Német vizsla;egészséges;1;26;egészséges;rossz;nagy arany rózsaszín zöld;bélférges;1;0;2023-2-24;http://localhost/FKNmenhely/www_tappancs_hu/111.jpg
130;Molly;2015-1-10;8;szuka;Azori-szigeteki kutya;rossz;0;4;foghiányos;rossz;közepes fekete fekete kék;szeret labdázni;1;0;2021-9-16;http://localhost/FKNmenhely/www_tappancs_hu/136.jpg
131;Pongó;2019-9-19;4;kan;Mexikói meztelen kutya;rossz;0;24;egészséges;egészséges;nagy fekete fekete kék;kedves és barátságos;1;0;2022-11-21;http://localhost/FKNmenhely/www_tappancs_hu/103.jpg
132;Kleó;2017-10-6;6;szuka;Ír szetter;közepes;0;26;fogszuvas;rossz;kicsi fekete sötétbarna kék;szeret nyugodtan pihenni;1;0;2023-11-27;http://localhost/FKNmenhely/www_tappancs_hu/122.jpg
133;Pajtás;2019-4-20;4;kan;Német vizsla;rossz;0;26;egészséges;rossz;nagy foltos vörös kék;szeret ölelni;1;0;2022-1-18;http://localhost/FKNmenhely/www_tappancs_hu/41.jpg
134;Szofi;2020-2-15;3;szuka;Hokkaido inu;közepes;1;23;egészséges;közepes;kicsi szürke fekete kék;köröm vágást igényel;1;0;2023-7-14;http://localhost/FKNmenhely/www_tappancs_hu/99.jpg
135;Gringó;2015-10-1;8;szuka;Portugál vízikutya;egészséges;1;3;fogszuvas;rossz;közepes sárga vörös zöld;szeret futkosni a kertben;1;0;2023-4-24;http://localhost/FKNmenhely/www_tappancs_hu/207.jpg
136;Bajnok;2019-10-7;4;szuka;Nagy vendée-i griffon basset;egészséges;1;8;foghiányos;közepes;közepes vörös fekete barna;köröm vágást igényel;1;0;2022-3-7;http://localhost/FKNmenhely/www_tappancs_hu/113.jpg
137;Lassie;2017-7-18;6;kan;Hertha pointer;közepes;1;29;foghiányos;rossz;kicsi barna rózsaszín zöld;kedves és barátságos;1;0;2021-6-26;http://localhost/FKNmenhely/www_tappancs_hu/64.jpg
138;Lehár;2017-7-17;6;kan;Havannai pincs;közepes;1;20;fogszuvas;közepes;kicsi arany barna barna;szeret ölelni;1;0;2023-12-3;http://localhost/FKNmenhely/www_tappancs_hu/11.jpg
139;Károly;2019-1-21;4;szuka;Hosszúszőrű skót juhászkutya;közepes;0;25;foghiányos;közepes;kicsi fehér rózsaszín barna;szeret ölelni;1;0;2022-10-5;http://localhost/FKNmenhely/www_tappancs_hu/27.jpg
140;Elvis;2018-2-25;5;szuka;Amerikai cocker spániel;egészséges;0;22;fogszuvas;közepes;kicsi arany rózsaszín kék;szeret labdázni;1;0;2023-1-2;http://localhost/FKNmenhely/www_tappancs_hu/26.jpg
141;Kefir;2015-10-10;8;szuka;Tosza inu;egészséges;1;5;egészséges;rossz;nagy barna vörös zöld;szeret fürdeni a tóban;1;0;2021-5-20;http://localhost/FKNmenhely/www_tappancs_hu/33.jpg
142;Zeusz;2018-5-14;5;szuka;Kuvasz  Magyarország;egészséges;1;23;egészséges;közepes;kicsi barna fekete zöld;szeret fürdeni a tóban;1;0;2023-8-27;http://localhost/FKNmenhely/www_tappancs_hu/119.jpg
143;Zsozsó;2018-10-16;5;szuka;Hannoveri véreb;rossz;0;2;egészséges;rossz;nagy arany vörös kék;kedves és barátságos;1;0;2021-6-15;http://localhost/FKNmenhely/www_tappancs_hu/96.jpg
144;Jágó;2020-1-16;3;szuka;Catahoulai leopárdkutya;közepes;0;25;foghiányos;egészséges;nagy fekete fekete zöld;szeret ölelni;1;0;2021-5-10;http://localhost/FKNmenhely/www_tappancs_hu/87.jpg
145;Wolf;2019-5-8;4;szuka;Laekenois;rossz;0;18;egészséges;közepes;kicsi arany barna barna;bélférges;1;0;2021-6-15;http://localhost/FKNmenhely/www_tappancs_hu/26.jpg
146;Fáraó;2017-11-4;6;szuka;Nagy gascogne-i kék kopó;rossz;0;28;foghiányos;rossz;kicsi barna vörös kék;be van gyulladva a füle;1;0;2021-5-16;http://localhost/FKNmenhely/www_tappancs_hu/23.jpg
147;Pamacs;2015-5-1;8;kan;Skót terrier;közepes;1;30;egészséges;egészséges;nagy szürke rózsaszín barna;több mozgást igényel;1;0;2021-10-17;http://localhost/FKNmenhely/www_tappancs_hu/14.jpg
148;Zafira;2019-5-3;4;kan;Fekete-cser mosómedvekopó;egészséges;1;2;egészséges;közepes;közepes szürke sötétbarna zöld;szeret fürdeni a tóban;1;0;2023-10-17;http://localhost/FKNmenhely/www_tappancs_hu/60.jpg
149;Cézár;2017-6-11;6;kan;Ír farkaskutya;egészséges;0;22;egészséges;rossz;nagy sárga barna zöld;szeret az ablakban ülni;1;0;2022-11-28;http://localhost/FKNmenhely/www_tappancs_hu/183.jpg
150;Edward;2015-8-9;8;kan;Francia kopó;egészséges;1;20;foghiányos;közepes;nagy szürke vörös kék;köröm vágást igényel;1;0;2023-11-11;http://localhost/FKNmenhely/www_tappancs_hu/44.jpg
151;Müzli;2020-11-24;3;szuka;Orosz toy terrier;közepes;1;4;egészséges;egészséges;nagy vörös rózsaszín kék;szeret futkosni a kertben;1;0;2021-1-1;http://localhost/FKNmenhely/www_tappancs_hu/71.jpg
152;Azték;2016-5-27;7;szuka;Portugál vizsla;közepes;0;14;fogszuvas;egészséges;kicsi fehér vörös kék;szeret kutyakölykökkel játszani;1;0;2022-3-28;http://localhost/FKNmenhely/www_tappancs_hu/189.jpg
153;Pongó;2017-7-13;6;kan;Bernáthegyi;egészséges;0;21;foghiányos;rossz;nagy barna barna kék;szeret ölelni;1;0;2021-7-25;http://localhost/FKNmenhely/www_tappancs_hu/191.jpg
154;Gróf;2020-12-25;3;kan;Tibeti spániel;rossz;1;1;egészséges;egészséges;nagy foltos vörös barna;szeret futkosni a kertben;1;0;2022-8-28;http://localhost/FKNmenhely/www_tappancs_hu/148.jpg
155;Desiré;2020-12-6;3;szuka;Drever;egészséges;0;12;fogszuvas;egészséges;kicsi fekete sötétbarna barna;szeret sétálni a parkban;1;0;2023-7-18;http://localhost/FKNmenhely/www_tappancs_hu/159.jpg
156;Molly;2018-1-16;5;szuka;Óangol juhászkutya;rossz;0;6;foghiányos;közepes;kicsi arany fekete kék;szeret játszani;1;0;2021-1-20;http://localhost/FKNmenhely/www_tappancs_hu/8.jpg
157;Napóleon;2018-3-14;5;kan;Törpe uszkár;rossz;0;27;fogszuvas;rossz;kicsi foltos rózsaszín barna;bélférges;1;0;2021-10-1;http://localhost/FKNmenhely/www_tappancs_hu/176.jpg
158;Sparco;2016-8-28;7;szuka;Vidrakopó;rossz;1;23;fogszuvas;rossz;nagy barna fekete zöld;bélférges;1;0;2023-9-23;http://localhost/FKNmenhely/www_tappancs_hu/67.jpg
159;Jasper;2016-5-21;7;szuka;Stájeri drótszőrű kopó;rossz;1;14;fogszuvas;közepes;nagy tigriscsíkos sötétbarna zöld;több mozgást igényel;1;0;2022-12-24;http://localhost/FKNmenhely/www_tappancs_hu/17.jpg
160;Inez;2016-12-1;7;szuka;Osztrák kopó;egészséges;1;13;egészséges;rossz;közepes barna sötétbarna kék;szeret nyugodtan pihenni;1;0;2023-6-9;http://localhost/FKNmenhely/www_tappancs_hu/200.jpg
161;Piszok;2017-4-6;6;szuka;Szerb trikolor kopó;egészséges;1;16;fogszuvas;rossz;kicsi vörös rózsaszín zöld;köröm vágást igényel;1;0;2022-12-4;http://localhost/FKNmenhely/www_tappancs_hu/81.jpg
162;Teo;2015-12-9;8;kan;Szibériai husky;közepes;1;8;egészséges;rossz;nagy szürke fekete zöld;több mozgást igényel;1;0;2023-7-23;http://localhost/FKNmenhely/www_tappancs_hu/165.jpg
163;Dean;2019-11-22;4;szuka;Airedale terrier;rossz;1;24;egészséges;egészséges;nagy szürke barna barna;szeret sétálni a parkban;1;0;2022-1-27;http://localhost/FKNmenhely/www_tappancs_hu/125.jpg
164;Inez;2019-3-17;4;szuka;Rövidszőrű isztriai kopó;rossz;0;22;egészséges;rossz;kicsi vörös vörös zöld;több mozgást igényel;1;0;2021-6-7;http://localhost/FKNmenhely/www_tappancs_hu/154.jpg
165;Lady;2018-2-11;5;kan;Szibériai husky;egészséges;1;2;egészséges;egészséges;kicsi szürke rózsaszín zöld;szeret kutyakölykökkel játszani;1;0;2021-11-21;http://localhost/FKNmenhely/www_tappancs_hu/55.jpg
166;Desiré;2015-10-4;8;kan;Gascogne-i francia vizsla;egészséges;0;14;fogszuvas;egészséges;közepes szürke sötétbarna kék;több mozgást igényel;1;0;2021-4-22;http://localhost/FKNmenhely/www_tappancs_hu/48.jpg
167;Ördög;2018-1-3;5;kan;Azori-szigeteki kutya;rossz;1;3;egészséges;rossz;kicsi arany sötétbarna zöld;szeret fürdeni a tóban;1;0;2022-10-10;http://localhost/FKNmenhely/www_tappancs_hu/41.jpg
168;Magnipuss;2020-9-6;3;szuka;Berni pásztorkutya;egészséges;1;2;fogszuvas;közepes;nagy szürke rózsaszín kék;köröm vágást igényel;1;0;2022-9-8;http://localhost/FKNmenhely/www_tappancs_hu/132.jpg
169;Lassie;2020-10-28;3;szuka;Schwyzi kopó;rossz;1;26;foghiányos;rossz;kicsi fehér rózsaszín zöld;szeret nyugodtan pihenni;1;0;2021-8-18;http://localhost/FKNmenhely/www_tappancs_hu/40.jpg
170;Bözsi;2019-10-19;4;kan;Amerikai staffordshire terrier;közepes;0;13;foghiányos;rossz;kicsi tigriscsíkos rózsaszín kék;szeret sétálni a parkban;1;0;2023-3-9;http://localhost/FKNmenhely/www_tappancs_hu/134.jpg
171;Elza;2017-5-21;6;szuka;Fekete sery;rossz;1;25;egészséges;rossz;közepes sárga sötétbarna kék;szeret az ablakban ülni;1;0;2021-5-19;http://localhost/FKNmenhely/www_tappancs_hu/110.jpg
172;Gingy;2015-10-1;8;kan;Sussexi spániel;közepes;0;27;foghiányos;közepes;közepes tigriscsíkos barna kék;szeret ölelni;1;0;2021-6-8;http://localhost/FKNmenhely/www_tappancs_hu/95.jpg
173;Félix;2016-4-11;7;kan;Pont-Audemer-i spániel;egészséges;1;20;foghiányos;rossz;közepes barna sötétbarna barna;szeret ölelni;1;0;2021-4-28;http://localhost/FKNmenhely/www_tappancs_hu/6.jpg
174;Charlie;2015-6-2;8;szuka;Óriás uszkár;rossz;0;17;egészséges;közepes;nagy foltos rózsaszín zöld;be van gyulladva a füle;1;0;2023-1-15;http://localhost/FKNmenhely/www_tappancs_hu/202.jpg
175;Gandhi;2015-8-26;8;szuka;Drenti vizsla;egészséges;0;25;foghiányos;közepes;kicsi foltos fekete barna;kedves és barátságos;1;0;2023-2-25;http://localhost/FKNmenhely/www_tappancs_hu/154.jpg
176;Jumbó;2015-5-1;8;kan;Kis vendée-i griffon basset;egészséges;0;19;foghiányos;rossz;kicsi vörös sötétbarna barna;szeret játszani;1;0;2021-4-24;http://localhost/FKNmenhely/www_tappancs_hu/165.jpg
177;Zola;2017-5-22;6;szuka;Kaliba kutya;rossz;0;6;foghiányos;közepes;kicsi arany fekete barna;be van gyulladva a füle;1;0;2021-2-2;http://localhost/FKNmenhely/www_tappancs_hu/47.jpg
178;Don;2016-10-13;7;kan;Dobermann;rossz;0;11;egészséges;rossz;nagy szürke rózsaszín barna;kedves és barátságos;1;0;2022-4-10;http://localhost/FKNmenhely/www_tappancs_hu/65.jpg
179;Jerry;2020-12-9;3;szuka;Simaszőrű retriever;egészséges;1;3;foghiányos;egészséges;közepes szürke barna kék;imád aludni;1;0;2022-1-17;http://localhost/FKNmenhely/www_tappancs_hu/7.jpg
180;Orlando;2019-11-16;4;szuka;Bichon bolognese;rossz;1;22;fogszuvas;közepes;közepes tigriscsíkos sötétbarna kék;szeret ölelni;1;0;2021-11-27;http://localhost/FKNmenhely/www_tappancs_hu/94.jpg
181;Destiny;2018-1-5;5;kan;Nagy vendée-i griffon;egészséges;0;28;fogszuvas;rossz;nagy barna rózsaszín zöld;kedves és barátságos;1;0;2023-10-21;http://localhost/FKNmenhely/www_tappancs_hu/26.jpg
182;Kloé;2020-1-14;3;kan;Bretagne-i cserszínű griffon;közepes;1;28;foghiányos;rossz;közepes barna rózsaszín barna;szeret ölelni;1;0;2022-6-25;http://localhost/FKNmenhely/www_tappancs_hu/84.jpg
183;Narancs;2018-9-3;5;kan;Német kopó;rossz;0;20;egészséges;rossz;kicsi szürke vörös barna;bélférges;1;0;2023-12-18;http://localhost/FKNmenhely/www_tappancs_hu/210.jpg
184;Fabula;2018-3-5;5;szuka;Brazil terrier;közepes;1;22;foghiányos;közepes;nagy arany barna kék;imád aludni;1;0;2021-4-24;http://localhost/FKNmenhely/www_tappancs_hu/151.jpg
185;Ollé;2017-12-15;6;szuka;Skót szarvasagár;rossz;0;26;egészséges;egészséges;nagy fekete rózsaszín zöld;szeret az ablakban ülni;1;0;2023-9-26;http://localhost/FKNmenhely/www_tappancs_hu/144.jpg
186;Cézár;2019-12-18;4;kan;Olasz griffon;egészséges;0;16;fogszuvas;rossz;kicsi fehér fekete zöld;be van gyulladva a füle;1;0;2021-6-18;http://localhost/FKNmenhely/www_tappancs_hu/157.jpg
187;Jumbó;2016-1-21;7;szuka;Angol agár;egészséges;0;7;fogszuvas;rossz;közepes barna barna zöld;szeret úszni;1;0;2021-9-3;http://localhost/FKNmenhely/www_tappancs_hu/48.jpg
188;Limbó;2016-7-22;7;kan;Angol-francia falkavadász kopó;közepes;0;22;fogszuvas;egészséges;kicsi fekete fekete barna;szeret az ablakban ülni;1;0;2023-5-11;http://localhost/FKNmenhely/www_tappancs_hu/93.jpg
189;Rejtély;2016-5-3;7;szuka;Isztriai kopó;egészséges;1;5;foghiányos;rossz;kicsi foltos barna barna;szeret fürdeni a tóban;1;0;2021-6-12;http://localhost/FKNmenhely/www_tappancs_hu/128.jpg
190;Adél;2016-4-23;7;szuka;Francia kopó;rossz;0;18;egészséges;egészséges;közepes arany fekete barna;szeret kutyakölykökkel játszani;1;0;2022-1-24;http://localhost/FKNmenhely/www_tappancs_hu/155.jpg
191;Jerry;2015-7-8;8;szuka;Kis vendée-i griffon basset;rossz;0;19;egészséges;közepes;kicsi foltos sötétbarna kék;bélférges;1;0;2022-2-5;http://localhost/FKNmenhely/www_tappancs_hu/201.jpg
192;Mambó;2015-6-25;8;szuka;Bichon frisé;egészséges;1;29;egészséges;egészséges;közepes fehér vörös kék;szeret játszani a labdával;1;0;2022-1-27;http://localhost/FKNmenhely/www_tappancs_hu/94.jpg
193;Orchidea;2017-6-8;6;szuka;Akbash;rossz;1;20;egészséges;közepes;kicsi barna sötétbarna zöld;szeret fürdeni a tóban;1;0;2022-4-14;http://localhost/FKNmenhely/www_tappancs_hu/157.jpg
194;Hobbit;2020-2-10;3;szuka;Cardigan welsh corgi;közepes;0;4;fogszuvas;közepes;nagy szürke barna barna;szeret fürdeni a tóban;1;0;2023-7-12;http://localhost/FKNmenhely/www_tappancs_hu/148.jpg
195;Hobbit;2016-10-27;7;kan;Német juhászkutya;rossz;1;27;fogszuvas;közepes;nagy arany vörös barna;szeret az ablakban ülni;1;0;2021-10-20;http://localhost/FKNmenhely/www_tappancs_hu/13.jpg
196;Gadget;2017-3-15;6;szuka;Nagy gascon-saintonge-i kopó;rossz;0;21;foghiányos;egészséges;közepes szürke sötétbarna kék;bélférges;1;0;2022-10-5;http://localhost/FKNmenhely/www_tappancs_hu/201.jpg
197;Stella;2016-2-14;7;szuka;Angol cocker spániel;rossz;0;3;fogszuvas;egészséges;nagy tigriscsíkos rózsaszín barna;szeret sétálni a parkban;1;0;2021-3-24;http://localhost/FKNmenhely/www_tappancs_hu/124.jpg
198;Kaarjack;2017-6-23;6;kan;Német spicc;rossz;1;15;egészséges;közepes;nagy fehér barna zöld;szeret az ablakban ülni;1;0;2023-2-26;http://localhost/FKNmenhely/www_tappancs_hu/193.jpg
199;Meggi;2020-7-24;3;kan;Lengyel vadászkutya;közepes;1;13;foghiányos;egészséges;közepes sárga fekete zöld;szeret úszni;1;0;2022-1-25;http://localhost/FKNmenhely/www_tappancs_hu/48.jpg
200;Elvis;2017-7-4;6;kan;Havannai pincs;egészséges;1;27;egészséges;közepes;kicsi fehér fekete barna;kedveli a sétákat;1;0;2023-1-20;http://localhost/FKNmenhely/www_tappancs_hu/125.jpg
201;Rex;2020-7-15;3;kan;Kangaroo Dog;egészséges;1;2;fogszuvas;egészséges;nagy barna vörös zöld;szeret sétálni a parkban;1;0;2021-6-8;http://localhost/FKNmenhely/www_tappancs_hu/123.jpg
202;Gandhi;2019-3-7;4;kan;Belga juhászkutya;közepes;1;19;egészséges;rossz;közepes arany rózsaszín barna;be van gyulladva a füle;1;0;2021-6-18;http://localhost/FKNmenhely/www_tappancs_hu/52.jpg
203;Shiva;2015-3-16;8;szuka;Amerikai meztelen terrier;egészséges;1;22;egészséges;közepes;közepes sárga rózsaszín kék;szeret az ablakban ülni;1;0;2022-9-22;http://localhost/FKNmenhely/www_tappancs_hu/72.jpg
204;Mambó;2020-3-5;3;szuka;Közép-ázsiai juhászkutya;egészséges;1;20;foghiányos;egészséges;nagy barna rózsaszín zöld;szeret az ablakban ülni;1;0;2021-2-8;http://localhost/FKNmenhely/www_tappancs_hu/58.jpg
205;Fickel;2016-10-4;7;kan;bolonka cvetna;közepes;1;22;foghiányos;közepes;közepes foltos fekete kék;szeret futkosni a kertben;1;0;2023-1-27;http://localhost/FKNmenhely/www_tappancs_hu/58.jpg
206;Izabell;2017-11-4;6;szuka;Biewer yorkshire terrier;egészséges;0;29;fogszuvas;közepes;kicsi sárga barna zöld;szeret futkosni a kertben;1;0;2021-11-28;http://localhost/FKNmenhely/www_tappancs_hu/132.jpg
207;Pepe;2015-2-18;8;kan;Német kopó;közepes;0;6;foghiányos;közepes;nagy vörös fekete kék;szeret az ablakban ülni;1;0;2022-3-21;http://localhost/FKNmenhely/www_tappancs_hu/199.jpg
208;Pepe;2020-12-11;3;kan;Montenegrói hegyikopó;egészséges;0;25;egészséges;egészséges;kicsi fehér vörös kék;be van gyulladva a füle;1;0;2021-2-18;http://localhost/FKNmenhely/www_tappancs_hu/130.jpg
209;Apolló;2018-2-26;5;kan;Nápolyi masztiff;közepes;0;27;fogszuvas;közepes;kicsi sárga sötétbarna kék;szeret játszani;1;0;2023-6-2;http://localhost/FKNmenhely/www_tappancs_hu/145.jpg
210;Ajax;2017-3-13;6;kan;Brabanti kis griffon;egészséges;1;12;fogszuvas;rossz;nagy szürke fekete barna;kedves és barátságos;1;0;2021-8-15;http://localhost/FKNmenhely/www_tappancs_hu/161.jpg
211;Vacak;2015-10-9;8;szuka;Gordon szetter;rossz;1;19;foghiányos;rossz;közepes szürke sötétbarna barna;bélférges;1;0;2023-1-11;http://localhost/FKNmenhely/www_tappancs_hu/204.jpg
212;Leó;2018-8-10;5;kan;Hovawart;rossz;0;10;foghiányos;rossz;nagy vörös fekete kék;szeret az ablakban ülni;1;0;2022-6-10;http://localhost/FKNmenhely/www_tappancs_hu/194.jpg
213;Frakk;2017-3-1;6;kan;Berni pásztorkutya;rossz;1;17;fogszuvas;egészséges;nagy sárga fekete barna;szeret úszni;1;0;2023-7-9;http://localhost/FKNmenhely/www_tappancs_hu/5.jpg
214;Lasszó;2015-1-23;8;kan;Szetter;rossz;1;16;foghiányos;egészséges;nagy fehér barna zöld;szeret játszani a labdával;1;0;2022-5-16;http://localhost/FKNmenhely/www_tappancs_hu/121.jpg
215;Panka;2020-10-3;3;kan;Armant;rossz;1;10;foghiányos;rossz;közepes sárga rózsaszín barna;szeret sétálni a parkban;1;0;2021-9-8;http://localhost/FKNmenhely/www_tappancs_hu/204.jpg
216;Jabba;2020-4-14;3;kan;bolonka cvetna;közepes;0;5;fogszuvas;rossz;közepes sárga vörös barna;szeret játszani a labdával;1;0;2023-5-5;http://localhost/FKNmenhely/www_tappancs_hu/158.jpg
217;Limbó;2016-1-19;7;szuka;Mopsz;egészséges;0;22;foghiányos;egészséges;kicsi fekete vörös barna;szeret ölelni;1;0;2023-1-24;http://localhost/FKNmenhely/www_tappancs_hu/21.jpg
218;Ördög;2015-5-2;8;szuka;Drótszőrű griffon;közepes;0;1;egészséges;rossz;nagy fekete rózsaszín zöld;kedveli a sétákat;1;0;2023-3-25;http://localhost/FKNmenhely/www_tappancs_hu/187.jpg
219;Kai;2018-3-5;5;kan;Amerikai rókakopó;rossz;0;22;egészséges;rossz;nagy fekete barna barna;szeret fürdeni a tóban;1;0;2022-9-5;http://localhost/FKNmenhely/www_tappancs_hu/41.jpg
220;Vacak;2015-9-13;8;kan;Lajka;közepes;1;26;foghiányos;rossz;közepes foltos vörös zöld;szeret sétálni a parkban;1;0;2022-6-23;http://localhost/FKNmenhely/www_tappancs_hu/110.jpg
221;Jockey;2015-9-14;8;szuka;Barbet;egészséges;1;2;egészséges;rossz;kicsi fehér fekete zöld;szeret futkosni a kertben;1;0;2022-12-5;http://localhost/FKNmenhely/www_tappancs_hu/58.jpg
222;Pénzecske;2019-4-21;4;szuka;Kis jurai kopó;egészséges;1;9;foghiányos;rossz;közepes foltos rózsaszín barna;szeret kutyakölykökkel játszani;1;0;2021-2-22;http://localhost/FKNmenhely/www_tappancs_hu/199.jpg
223;Pitti;2020-1-17;3;szuka;Ónémet juhászkutya;közepes;1;7;foghiányos;közepes;nagy barna rózsaszín kék;szeret játszani;1;0;2022-12-4;http://localhost/FKNmenhely/www_tappancs_hu/199.jpg
224;Jupiter;2019-12-27;4;kan;Dandie Dinmont-terrier;rossz;0;8;egészséges;egészséges;közepes sárga fekete zöld;szeret játszani a labdával;1;0;2021-8-7;http://localhost/FKNmenhely/www_tappancs_hu/56.jpg
225;Viti;2018-9-5;5;kan;Stájeri drótszőrű kopó;rossz;1;5;fogszuvas;közepes;kicsi vörös vörös zöld;szeret futkosni a kertben;1;0;2023-7-27;http://localhost/FKNmenhely/www_tappancs_hu/66.jpg
226;Gerry;2019-2-13;4;szuka;Alpesi tacskókopó;egészséges;1;24;fogszuvas;egészséges;nagy sárga fekete kék;kedveli a sétákat;1;0;2022-7-11;http://localhost/FKNmenhely/www_tappancs_hu/193.jpg
227;Lady;2019-7-11;4;kan;Holland juhászkutya;közepes;0;28;fogszuvas;rossz;nagy barna barna zöld;kedveli a sétákat;1;0;2023-10-7;http://localhost/FKNmenhely/www_tappancs_hu/101.jpg
228;Aramis;2015-9-27;8;kan;King Charles spániel;közepes;0;22;fogszuvas;egészséges;kicsi tigriscsíkos sötétbarna barna;kedves és barátságos;1;0;2023-4-13;http://localhost/FKNmenhely/www_tappancs_hu/32.jpg
229;Killer;2016-5-3;7;kan;Norvég elghund;egészséges;1;17;fogszuvas;közepes;kicsi vörös fekete kék;kedves és barátságos;1;0;2022-12-4;http://localhost/FKNmenhely/www_tappancs_hu/0.jpg
230;Shiva;2019-7-11;4;szuka;Malinois;egészséges;1;8;foghiányos;rossz;közepes fehér vörös barna;szeret fürdeni a tóban;1;0;2023-6-10;http://localhost/FKNmenhely/www_tappancs_hu/185.jpg
231;Suzy;2016-9-4;7;szuka;Amerikai akita inu;rossz;0;25;foghiányos;egészséges;közepes sárga fekete zöld;több mozgást igényel;1;0;2022-8-25;http://localhost/FKNmenhely/www_tappancs_hu/140.jpg
232;Don;2019-10-2;4;szuka;Kis angol agár;egészséges;0;2;egészséges;közepes;kicsi fekete vörös kék;kedveli a sétákat;1;0;2022-1-7;http://localhost/FKNmenhely/www_tappancs_hu/63.jpg
233;Téra;2020-7-23;3;szuka;Drever;egészséges;0;19;foghiányos;közepes;nagy foltos fekete kék;szeret az ablakban ülni;1;0;2021-10-5;http://localhost/FKNmenhely/www_tappancs_hu/13.jpg
234;Furby;2020-6-23;3;szuka;Smålandi kopó;rossz;0;30;egészséges;rossz;kicsi vörös barna kék;szeret futkosni a kertben;1;0;2021-2-15;http://localhost/FKNmenhely/www_tappancs_hu/165.jpg
235;Orlando;2019-1-5;4;kan;Ausztrál juhászkutya;közepes;1;27;fogszuvas;egészséges;nagy vörös sötétbarna zöld;szeret labdázni;1;0;2023-12-24;http://localhost/FKNmenhely/www_tappancs_hu/171.jpg
236;Molly;2015-9-4;8;kan;Ír farkaskutya;közepes;0;14;foghiányos;egészséges;nagy arany vörös kék;bélférges;1;0;2021-11-4;http://localhost/FKNmenhely/www_tappancs_hu/153.jpg
237;Zsüti;2017-1-18;6;szuka;Kis gascon-saintonge-i kopó;rossz;1;13;egészséges;rossz;közepes barna fekete kék;kedveli a sétákat;1;0;2022-12-4;http://localhost/FKNmenhely/www_tappancs_hu/127.jpg
238;Rea;2017-7-13;6;kan;Német vadászterrier;közepes;0;28;egészséges;egészséges;közepes barna rózsaszín zöld;szeret játszani;1;0;2023-7-16;http://localhost/FKNmenhely/www_tappancs_hu/150.jpg
239;Leó;2017-1-16;6;szuka;Félhosszúszőrű pireneusi juhászkutya;egészséges;1;26;egészséges;közepes;közepes foltos fekete zöld;bélférges;1;0;2022-11-12;http://localhost/FKNmenhely/www_tappancs_hu/58.jpg
240;Ollé;2019-12-1;4;kan;Boston terrier;közepes;1;4;fogszuvas;közepes;kicsi arany sötétbarna zöld;szeret labdázni;1;0;2023-6-23;http://localhost/FKNmenhely/www_tappancs_hu/57.jpg
241;Horka;2020-4-25;3;szuka;Fehér-fekete nagy angol-francia kopó;közepes;0;19;egészséges;egészséges;kicsi tigriscsíkos vörös zöld;szeret az ablakban ülni;1;0;2022-12-1;http://localhost/FKNmenhely/www_tappancs_hu/89.jpg
242;Morti;2017-10-16;6;szuka;Belga griffon;rossz;1;28;foghiányos;közepes;nagy szürke sötétbarna barna;szeret az ablakban ülni;1;0;2021-12-10;http://localhost/FKNmenhely/www_tappancs_hu/5.jpg
243;Fifi;2019-11-21;4;szuka;Rottweiler;közepes;0;15;fogszuvas;közepes;közepes sárga fekete kék;szeret ölelni;1;0;2023-8-5;http://localhost/FKNmenhely/www_tappancs_hu/152.jpg
244;Fabula;2019-8-5;4;kan;Labrador retriever;közepes;1;28;egészséges;közepes;kicsi sárga barna barna;szeret fürdeni a tóban;1;0;2021-3-16;http://localhost/FKNmenhely/www_tappancs_hu/56.jpg
245;Nevada;2019-12-1;4;kan;Vesztfáliai tacskókopó;rossz;0;17;foghiányos;közepes;nagy sárga barna barna;köröm vágást igényel;1;0;2022-3-1;http://localhost/FKNmenhely/www_tappancs_hu/112.jpg
246;Jázmina;2018-10-23;5;szuka;Entlebuchi havasi kutya;egészséges;1;29;egészséges;közepes;kicsi fekete barna zöld;szeret labdázni;1;0;2023-7-1;http://localhost/FKNmenhely/www_tappancs_hu/160.jpg
247;Sziszi;2016-2-26;7;kan;Beagle;közepes;1;22;foghiányos;rossz;kicsi vörös sötétbarna zöld;kedveli a sétákat;1;0;2023-10-6;http://localhost/FKNmenhely/www_tappancs_hu/110.jpg
248;Bugatti;2017-10-18;6;szuka;Auvergne-i vizsla;rossz;1;23;egészséges;közepes;közepes fekete sötétbarna barna;szeret ölelni;1;0;2022-10-17;http://localhost/FKNmenhely/www_tappancs_hu/9.jpg
249;Bonnie;2019-4-5;4;kan;Kis münsterlandi vizsla;egészséges;1;15;fogszuvas;közepes;közepes szürke rózsaszín zöld;kedveli a sétákat;1;0;2023-8-12;http://localhost/FKNmenhely/www_tappancs_hu/92.jpg
