1;Szofi;2020-9-7;3;szuka;Hygen kopó;egészséges;0;7;foghiányos;egészséges;közepes fekete fekete kék;bélférges;1;1;2021-3-6;http://localhost/FKNmenhely/www_tappancs_hu/95.jpg
2;Rómeó;2016-3-16;7;szuka;Saarloosi farkaskutya;egészséges;1;8;foghiányos;közepes;közepes arany barna zöld;szeret játszani;1;0;2021-8-13;http://localhost/FKNmenhely/www_tappancs_hu/144.jpg
3;Kelly;2017-9-4;6;kan;Akita inu;egészséges;0;24;foghiányos;egészséges;kicsi arany sötétbarna kék;bélférges;1;1;2023-3-5;http://localhost/FKNmenhely/www_tappancs_hu/19.jpg
4;Nessy;2016-7-24;7;kan;bolonka cvetna;közepes;1;29;foghiányos;egészséges;közepes sárga rózsaszín kék;szeret futkosni a kertben;1;0;2022-6-16;http://localhost/FKNmenhely/www_tappancs_hu/183.jpg
5;Zsüti;2018-6-24;5;kan;Amerikai meztelen terrier;egészséges;0;27;foghiányos;rossz;közepes arany sötétbarna kék;bélférges;1;1;2021-3-22;http://localhost/FKNmenhely/www_tappancs_hu/118.jpg
6;Charlie;2018-12-11;5;szuka;Schapendoes;egészséges;1;8;egészséges;rossz;közepes szürke rózsaszín barna;szeret fürdeni a tóban;1;0;2021-8-8;http://localhost/FKNmenhely/www_tappancs_hu/172.jpg
7;Igloo;2020-3-12;3;szuka;Trikolor nagy angol-francia kopó;rossz;0;19;egészséges;egészséges;közepes tigriscsíkos rózsaszín zöld;szeret játszani;1;0;2023-1-1;http://localhost/FKNmenhely/www_tappancs_hu/86.jpg
8;Aramis;2018-7-5;5;kan;Kis berni kopó;egészséges;0;13;foghiányos;egészséges;közepes arany sötétbarna zöld;szeret kutyakölykökkel játszani;1;1;2023-5-14;http://localhost/FKNmenhely/www_tappancs_hu/46.jpg
9;Rézi;2015-8-27;8;szuka;Simaszőrű retriever;közepes;0;22;fogszuvas;közepes;kicsi vörös rózsaszín zöld;szeret fürdeni a tóban;1;1;2023-6-16;http://localhost/FKNmenhely/www_tappancs_hu/131.jpg
10;Amaya;2019-8-7;4;szuka;Lakeland terrier;egészséges;1;1;egészséges;közepes;nagy sárga fekete zöld;szeret játszani a labdával;1;1;2021-10-20;http://localhost/FKNmenhely/www_tappancs_hu/124.jpg
11;Gopher;2018-3-1;5;kan;Magyar vizsla;közepes;1;5;foghiányos;egészséges;kicsi tigriscsíkos fekete barna;imád aludni;1;0;2021-10-11;http://localhost/FKNmenhely/www_tappancs_hu/183.jpg
12;Vitéz;2016-11-23;7;szuka;Bandog;egészséges;0;26;foghiányos;egészséges;nagy barna fekete kék;több mozgást igényel;1;1;2023-2-14;http://localhost/FKNmenhely/www_tappancs_hu/59.jpg
13;Mancs;2017-10-7;6;kan;Ír terrier;egészséges;1;24;fogszuvas;rossz;nagy barna rózsaszín barna;szeret úszni;1;0;2023-4-1;http://localhost/FKNmenhely/www_tappancs_hu/2.jpg
14;Beethoven;2017-9-4;6;szuka;Groenendael;közepes;1;30;foghiányos;közepes;kicsi fehér barna zöld;szeret sétálni a parkban;1;1;2021-3-22;http://localhost/FKNmenhely/www_tappancs_hu/48.jpg
15;Pamacs;2020-1-28;3;kan;Vidrakopó;egészséges;1;10;foghiányos;egészséges;közepes barna sötétbarna kék;imád aludni;1;0;2023-8-25;http://localhost/FKNmenhely/www_tappancs_hu/117.jpg
16;Molly;2017-6-6;6;szuka;Mopsz;közepes;1;19;egészséges;közepes;kicsi vörös fekete barna;szeret úszni;1;1;2022-3-5;http://localhost/FKNmenhely/www_tappancs_hu/125.jpg
17;Pufók;2015-9-3;8;kan;Fekete norvég elghund;rossz;0;1;fogszuvas;rossz;közepes vörös rózsaszín barna;szeret sétálni a parkban;1;1;2021-6-1;http://localhost/FKNmenhely/www_tappancs_hu/131.jpg
18;Karesz;2019-8-8;4;kan;Japán csin;közepes;0;10;foghiányos;egészséges;közepes fehér sötétbarna barna;imád aludni;1;1;2023-11-6;http://localhost/FKNmenhely/www_tappancs_hu/130.jpg
19;Fló;2015-12-10;8;kan;King Shepherd;rossz;0;24;egészséges;közepes;nagy vörös rózsaszín zöld;szeret sétálni a parkban;1;0;2022-5-1;http://localhost/FKNmenhely/www_tappancs_hu/11.jpg
20;Elza;2015-5-8;8;szuka;Ariége-i vizsla;egészséges;0;23;foghiányos;rossz;nagy fekete fekete barna;be van gyulladva a füle;1;1;2022-3-22;http://localhost/FKNmenhely/www_tappancs_hu/112.jpg
21;Ibis;2018-12-3;5;kan;King Shepherd;egészséges;0;26;egészséges;közepes;kicsi fehér vörös kék;szeret játszani;1;0;2021-11-23;http://localhost/FKNmenhely/www_tappancs_hu/139.jpg
22;Gopher;2016-8-13;7;kan;Amerikai cocker spániel;rossz;1;16;egészséges;egészséges;kicsi tigriscsíkos sötétbarna barna;kedveli a sétákat;1;1;2023-6-6;http://localhost/FKNmenhely/www_tappancs_hu/78.jpg
23;Nudli;2020-7-17;3;szuka;Vendée-i griffon basset;közepes;0;19;egészséges;egészséges;kicsi szürke rózsaszín barna;szeret kutyakölykökkel játszani;1;1;2023-7-20;http://localhost/FKNmenhely/www_tappancs_hu/179.jpg
24;Fickel;2017-2-23;6;szuka;Fehér-fekete francia kopó;közepes;1;2;egészséges;közepes;közepes vörös barna kék;szeret játszani;1;0;2023-11-17;http://localhost/FKNmenhely/www_tappancs_hu/93.jpg
25;Kaarjack;2015-1-17;8;kan;Shetlandi juhászkutya;rossz;1;9;fogszuvas;rossz;közepes fehér barna barna;kedveli a sétákat;1;1;2022-3-10;http://localhost/FKNmenhely/www_tappancs_hu/0.jpg
26;Vénusz;2018-8-17;5;kan;Amerikai rókakopó;közepes;0;13;egészséges;rossz;közepes sárga vörös zöld;szeret játszani a labdával;1;1;2022-3-18;http://localhost/FKNmenhely/www_tappancs_hu/70.jpg
27;Téra;2017-4-3;6;szuka;Olasz volpino;rossz;0;30;egészséges;közepes;közepes fehér sötétbarna barna;szeret játszani;1;0;2022-3-21;http://localhost/FKNmenhely/www_tappancs_hu/80.jpg
28;Gandhi;2018-5-21;5;kan;Pudelpointer;közepes;1;11;fogszuvas;közepes;kicsi arany vörös zöld;szeret ölelni;1;1;2023-9-20;http://localhost/FKNmenhely/www_tappancs_hu/180.jpg
29;Ursula;2019-2-2;4;kan;Finn spicc;rossz;1;22;foghiányos;közepes;közepes fehér sötétbarna barna;szeret játszani;1;0;2021-9-18;http://localhost/FKNmenhely/www_tappancs_hu/175.jpg
30;Zsüti;2020-11-1;3;szuka;Fríz vízikutya;közepes;1;25;egészséges;egészséges;kicsi foltos sötétbarna kék;imád aludni;1;0;2023-3-3;http://localhost/FKNmenhely/www_tappancs_hu/192.jpg
31;Terry;2016-8-27;7;szuka;Ibizai kopó;rossz;0;18;egészséges;egészséges;közepes vörös rózsaszín barna;szeret nyugodtan pihenni;1;0;2021-4-23;http://localhost/FKNmenhely/www_tappancs_hu/54.jpg
32;Jasper;2020-9-13;3;szuka;Trikolor francia kopó;egészséges;1;6;egészséges;egészséges;kicsi barna rózsaszín zöld;szeret az ablakban ülni;1;0;2021-7-10;http://localhost/FKNmenhely/www_tappancs_hu/200.jpg
33;Lili;2020-9-24;3;kan;Affenpinscher;egészséges;0;22;fogszuvas;egészséges;közepes sárga barna kék;szeret az ablakban ülni;1;1;2021-7-16;http://localhost/FKNmenhely/www_tappancs_hu/208.jpg
34;Nimród;2019-7-21;4;kan;Tasi (Kelet-ázsiai barzoj);rossz;0;3;foghiányos;rossz;kicsi fehér rózsaszín barna;imád aludni;1;0;2022-1-8;http://localhost/FKNmenhely/www_tappancs_hu/66.jpg
35;Bonnie;2017-10-20;6;kan;Angol rókakopó;egészséges;0;14;fogszuvas;rossz;nagy fekete sötétbarna barna;szeret játszani;1;0;2021-9-1;http://localhost/FKNmenhely/www_tappancs_hu/172.jpg
36;Zafira;2016-4-26;7;szuka;Kis vendée-i griffon basset;közepes;1;18;egészséges;közepes;nagy fehér fekete kék;szeret fürdeni a tóban;1;0;2022-9-4;http://localhost/FKNmenhely/www_tappancs_hu/199.jpg
37;Jupiter;2019-10-9;4;szuka;Blue lacy;közepes;0;23;foghiányos;egészséges;közepes fehér sötétbarna zöld;szeret úszni;1;1;2023-11-28;http://localhost/FKNmenhely/www_tappancs_hu/82.jpg
38;Elíz;2017-4-20;6;szuka;Vesztfáliai tacskókopó;közepes;1;1;foghiányos;egészséges;közepes arany sötétbarna barna;szeret játszani a labdával;1;1;2023-11-10;http://localhost/FKNmenhely/www_tappancs_hu/113.jpg
39;Fickel;2020-12-15;3;kan;Cirneco dell’Etna;egészséges;0;16;foghiányos;közepes;nagy szürke fekete barna;szeret labdázni;1;0;2023-7-11;http://localhost/FKNmenhely/www_tappancs_hu/197.jpg
40;Nina;2019-9-14;4;szuka;Kis angol terrier;közepes;0;14;egészséges;közepes;kicsi tigriscsíkos vörös zöld;szeret úszni;1;1;2022-8-22;http://localhost/FKNmenhely/www_tappancs_hu/19.jpg
41;Oblix;2017-1-21;6;szuka;bolonka francuska;egészséges;1;18;egészséges;rossz;kicsi foltos sötétbarna zöld;szeret játszani a labdával;1;1;2023-3-4;http://localhost/FKNmenhely/www_tappancs_hu/32.jpg
42;Teo;2018-8-11;5;szuka;Japán terrier;rossz;1;24;fogszuvas;rossz;közepes barna vörös zöld;szeret sétálni a parkban;1;1;2023-6-18;http://localhost/FKNmenhely/www_tappancs_hu/11.jpg
43;Charlie;2016-6-1;7;szuka;Kis schwyzi kopó;egészséges;1;2;egészséges;közepes;kicsi fehér fekete kék;be van gyulladva a füle;1;1;2023-12-14;http://localhost/FKNmenhely/www_tappancs_hu/148.jpg
44;Jágó;2016-9-8;7;szuka;Vesztfáliai tacskókopó;egészséges;1;24;fogszuvas;egészséges;kicsi szürke barna kék;köröm vágást igényel;1;0;2023-12-16;http://localhost/FKNmenhely/www_tappancs_hu/140.jpg
45;Suhanc;2019-4-26;4;kan;Vizsla;rossz;0;14;fogszuvas;rossz;nagy barna fekete kék;szeret játszani a labdával;1;0;2022-4-21;http://localhost/FKNmenhely/www_tappancs_hu/58.jpg
46;Killer;2020-12-25;3;kan;Karszti pásztorkutya;rossz;0;29;fogszuvas;rossz;kicsi barna rózsaszín barna;szeret az ablakban ülni;1;1;2022-11-11;http://localhost/FKNmenhely/www_tappancs_hu/13.jpg
47;Meggi;2015-6-18;8;kan;Pireneusi francia vizsla;közepes;1;10;fogszuvas;rossz;kicsi vörös rózsaszín barna;szeret az ablakban ülni;1;1;2023-5-3;http://localhost/FKNmenhely/www_tappancs_hu/48.jpg
48;Fifi;2016-5-5;7;szuka;Golden retriever;közepes;1;25;egészséges;közepes;kicsi tigriscsíkos vörös zöld;szeret labdázni;1;0;2023-1-24;http://localhost/FKNmenhely/www_tappancs_hu/128.jpg
49;Luigi;2019-8-16;4;kan;Husky;egészséges;0;25;fogszuvas;egészséges;kicsi tigriscsíkos sötétbarna kék;szeret játszani a labdával;1;1;2021-8-3;http://localhost/FKNmenhely/www_tappancs_hu/162.jpg
50;Adonisz;2020-12-25;3;kan;Nivernais-i griffon;rossz;0;24;fogszuvas;egészséges;nagy tigriscsíkos vörös zöld;be van gyulladva a füle;1;0;2022-7-4;http://localhost/FKNmenhely/www_tappancs_hu/121.jpg
51;Leó;2015-10-7;8;szuka;Simaszőrű foxterrier;közepes;0;21;egészséges;rossz;nagy szürke fekete kék;szeret fürdeni a tóban;1;0;2023-9-9;http://localhost/FKNmenhely/www_tappancs_hu/109.jpg
52;Foxi;2017-7-28;6;kan;Rat terrier;egészséges;0;4;foghiányos;közepes;nagy foltos sötétbarna barna;több mozgást igényel;1;0;2022-7-26;http://localhost/FKNmenhely/www_tappancs_hu/129.jpg
53;Rea;2017-7-15;6;szuka;Rövidszőrű isztriai kopó;rossz;1;22;foghiányos;közepes;közepes tigriscsíkos barna zöld;több mozgást igényel;1;1;2022-1-17;http://localhost/FKNmenhely/www_tappancs_hu/174.jpg
54;Wolf;2019-12-28;4;kan;Gordon szetter;közepes;0;18;egészséges;rossz;kicsi tigriscsíkos barna kék;szeret futkosni a kertben;1;1;2022-3-17;http://localhost/FKNmenhely/www_tappancs_hu/85.jpg
55;Kelly;2019-10-25;4;kan;Fekete norvég elghund;egészséges;1;5;egészséges;egészséges;kicsi tigriscsíkos rózsaszín kék;szeret labdázni;1;0;2022-12-17;http://localhost/FKNmenhely/www_tappancs_hu/120.jpg
56;Elíz;2020-3-3;3;kan;Landseer;rossz;0;5;fogszuvas;rossz;nagy szürke rózsaszín barna;szeret játszani;1;1;2022-2-13;http://localhost/FKNmenhely/www_tappancs_hu/194.jpg
57;Rénó;2017-9-6;6;szuka;Kuvasz  Magyarország;rossz;1;14;egészséges;rossz;nagy tigriscsíkos fekete barna;szeret fürdeni a tóban;1;1;2022-8-20;http://localhost/FKNmenhely/www_tappancs_hu/107.jpg
58;Mackó;2018-3-3;5;szuka;Cimarrón Uruguayo;rossz;0;28;egészséges;közepes;közepes szürke rózsaszín kék;szeret sétálni a parkban;1;1;2021-7-25;http://localhost/FKNmenhely/www_tappancs_hu/11.jpg
59;Zsüti;2020-6-24;3;kan;Drótszőrű magyar vizsla;rossz;0;1;fogszuvas;közepes;kicsi barna sötétbarna kék;köröm vágást igényel;1;0;2022-4-15;http://localhost/FKNmenhely/www_tappancs_hu/21.jpg
60;Keksz;2020-6-12;3;kan;Angol-francia falkavadász kopó;rossz;0;13;foghiányos;egészséges;közepes arany sötétbarna kék;kedveli a sétákat;1;0;2023-6-10;http://localhost/FKNmenhely/www_tappancs_hu/108.jpg
61;Horka;2016-1-15;7;szuka;Kanadai eszkimó kutya;rossz;1;24;fogszuvas;rossz;nagy fehér vörös zöld;szeret ölelni;1;1;2023-5-16;http://localhost/FKNmenhely/www_tappancs_hu/73.jpg
62;Parádé;2018-9-5;5;szuka;Griffon;közepes;0;16;egészséges;rossz;közepes fehér barna kék;több mozgást igényel;1;1;2021-9-3;http://localhost/FKNmenhely/www_tappancs_hu/160.jpg
63;Károly;2016-5-4;7;kan;Törpespicc;közepes;0;4;fogszuvas;közepes;nagy fehér sötétbarna zöld;szeret játszani a labdával;1;0;2022-3-11;http://localhost/FKNmenhely/www_tappancs_hu/143.jpg
64;Jasper;2017-3-6;6;kan;Border terrier;egészséges;0;9;egészséges;közepes;nagy foltos barna zöld;szeret futkosni a kertben;1;0;2023-12-23;http://localhost/FKNmenhely/www_tappancs_hu/141.jpg
65;Izabell;2020-10-3;3;kan;Blue lacy;rossz;1;15;egészséges;rossz;nagy sárga fekete zöld;szeret játszani a labdával;1;0;2022-5-5;http://localhost/FKNmenhely/www_tappancs_hu/119.jpg
66;Sámson;2017-11-27;6;szuka;Gascogne-i francia vizsla;egészséges;0;2;foghiányos;egészséges;közepes fekete fekete kék;szeret játszani a labdával;1;1;2021-9-25;http://localhost/FKNmenhely/www_tappancs_hu/156.jpg
67;Piszok;2019-6-5;4;kan;Finn spicc;egészséges;1;2;fogszuvas;rossz;nagy foltos rózsaszín barna;be van gyulladva a füle;1;0;2021-2-11;http://localhost/FKNmenhely/www_tappancs_hu/46.jpg
68;Lassie;2020-2-25;3;szuka;Alpesi tacskókopó;közepes;1;26;fogszuvas;rossz;nagy barna sötétbarna zöld;szeret az ablakban ülni;1;0;2023-10-2;http://localhost/FKNmenhely/www_tappancs_hu/134.jpg
69;Lulu;2020-1-16;3;kan;Kalag Tazi;közepes;0;4;egészséges;egészséges;nagy fekete rózsaszín barna;szeret ölelni;1;0;2023-2-15;http://localhost/FKNmenhely/www_tappancs_hu/153.jpg
70;Lulu;2015-11-7;8;szuka;Boszniai kopó;közepes;1;28;egészséges;egészséges;nagy vörös fekete barna;szeret játszani;1;0;2023-1-26;http://localhost/FKNmenhely/www_tappancs_hu/2.jpg
71;Zsuzsu;2016-6-17;7;kan;Shar pei;rossz;0;12;egészséges;rossz;kicsi fekete fekete barna;szeret labdázni;1;1;2021-7-8;http://localhost/FKNmenhely/www_tappancs_hu/180.jpg
72;Zsüti;2017-1-15;6;kan;Glen of Imaal terrier;egészséges;0;7;fogszuvas;egészséges;nagy tigriscsíkos rózsaszín barna;bélférges;1;1;2023-3-23;http://localhost/FKNmenhely/www_tappancs_hu/82.jpg
73;Ajax;2016-4-27;7;kan;Angol agár;közepes;1;7;foghiányos;közepes;kicsi foltos barna barna;szeret kutyakölykökkel játszani;1;0;2022-9-20;http://localhost/FKNmenhely/www_tappancs_hu/125.jpg
74;Rénó;2015-10-10;8;szuka;Kis svájci kopó;egészséges;1;1;egészséges;rossz;kicsi vörös vörös zöld;szeret ölelni;1;0;2022-7-27;http://localhost/FKNmenhely/www_tappancs_hu/71.jpg
75;Kelly;2018-4-15;5;szuka;Vesztfáliai tacskókopó;rossz;0;29;foghiányos;rossz;kicsi barna vörös zöld;szeret kutyakölykökkel játszani;1;1;2022-1-28;http://localhost/FKNmenhely/www_tappancs_hu/208.jpg
76;Szerecsendió;2017-8-20;6;szuka;Golden retriever;egészséges;1;6;foghiányos;közepes;közepes fehér rózsaszín barna;szeret futkosni a kertben;1;0;2021-4-23;http://localhost/FKNmenhely/www_tappancs_hu/70.jpg
77;Axel;2018-11-5;5;szuka;Kras-medencei juhászkutya;egészséges;0;21;egészséges;egészséges;kicsi barna sötétbarna zöld;kedveli a sétákat;1;1;2022-9-3;http://localhost/FKNmenhely/www_tappancs_hu/10.jpg
78;Napóleon;2016-2-12;7;szuka;Szibériai husky;közepes;1;5;foghiányos;egészséges;nagy tigriscsíkos vörös kék;szeret futkosni a kertben;1;0;2023-2-13;http://localhost/FKNmenhely/www_tappancs_hu/112.jpg
79;Goldy;2020-5-19;3;kan;Karszti pásztorkutya;közepes;0;10;foghiányos;egészséges;közepes tigriscsíkos barna zöld;szeret futkosni a kertben;1;1;2021-6-1;http://localhost/FKNmenhely/www_tappancs_hu/17.jpg
80;Pisze;2017-12-3;6;szuka;West highland white terrier;egészséges;0;10;foghiányos;egészséges;közepes foltos barna kék;szeret játszani;1;0;2021-2-18;http://localhost/FKNmenhely/www_tappancs_hu/204.jpg
81;Limbó;2016-2-15;7;szuka;Ír farkaskutya;rossz;0;7;fogszuvas;közepes;nagy fehér vörös barna;be van gyulladva a füle;1;1;2022-8-10;http://localhost/FKNmenhely/www_tappancs_hu/13.jpg
82;Dorel;2017-12-8;6;szuka;Hokkaido inu;közepes;0;4;fogszuvas;közepes;nagy foltos sötétbarna barna;bélférges;1;1;2023-5-15;http://localhost/FKNmenhely/www_tappancs_hu/168.jpg
83;Orlando;2017-8-4;6;szuka;Longdog;rossz;1;1;foghiányos;rossz;nagy barna fekete kék;szeret kutyakölykökkel játszani;1;1;2021-3-8;http://localhost/FKNmenhely/www_tappancs_hu/197.jpg
84;Jimmy;2020-4-1;3;szuka;Shikoku inu;közepes;1;30;fogszuvas;közepes;kicsi sárga barna barna;szeret sétálni a parkban;1;1;2021-6-2;http://localhost/FKNmenhely/www_tappancs_hu/195.jpg
85;Bohém;2017-6-28;6;szuka;Gascogne-i kék griffon;rossz;0;2;fogszuvas;rossz;kicsi vörös barna zöld;szeret sétálni a parkban;1;0;2021-9-8;http://localhost/FKNmenhely/www_tappancs_hu/179.jpg
86;Horka;2015-7-28;8;szuka;Border collie;egészséges;0;12;fogszuvas;egészséges;nagy fekete vörös barna;szeret fürdeni a tóban;1;1;2021-11-14;http://localhost/FKNmenhely/www_tappancs_hu/37.jpg
87;Bogáncs;2020-1-14;3;kan;Norvég buhund;rossz;1;11;fogszuvas;rossz;közepes arany rózsaszín zöld;szeret ölelni;1;1;2022-12-20;http://localhost/FKNmenhely/www_tappancs_hu/21.jpg
88;Hasszán;2015-2-26;8;szuka;Rajapalayam;egészséges;0;19;foghiányos;egészséges;nagy fehér fekete zöld;szeret az ablakban ülni;1;0;2022-9-23;http://localhost/FKNmenhely/www_tappancs_hu/189.jpg
89;Zsuzsu;2018-6-2;5;szuka;Welsh terrier;egészséges;0;27;foghiányos;rossz;nagy sárga barna zöld;imád aludni;1;0;2023-2-19;http://localhost/FKNmenhely/www_tappancs_hu/186.jpg
90;Karesz;2015-7-28;8;kan;Kis angol-francia rókakopó;egészséges;1;29;fogszuvas;rossz;nagy tigriscsíkos fekete kék;szeret nyugodtan pihenni;1;0;2022-1-22;http://localhost/FKNmenhely/www_tappancs_hu/19.jpg
91;Vénusz;2020-7-20;3;kan;Breton spániel;egészséges;0;8;foghiányos;közepes;kicsi szürke fekete barna;szeret nyugodtan pihenni;1;0;2021-11-4;http://localhost/FKNmenhely/www_tappancs_hu/84.jpg
92;Inez;2019-3-23;4;szuka;Anatóliai juhászkutya;egészséges;0;8;fogszuvas;rossz;kicsi foltos barna zöld;szeret sétálni a parkban;1;0;2023-8-22;http://localhost/FKNmenhely/www_tappancs_hu/149.jpg
93;Scott;2017-5-13;6;szuka;Észak-amerikai juhászkutya;közepes;1;15;egészséges;rossz;közepes szürke vörös barna;imád aludni;1;1;2021-9-25;http://localhost/FKNmenhely/www_tappancs_hu/158.jpg
94;Gerry;2015-6-27;8;szuka;Amerikai Bulldog;egészséges;1;22;fogszuvas;egészséges;közepes barna rózsaszín kék;szeret nyugodtan pihenni;1;0;2021-9-20;http://localhost/FKNmenhely/www_tappancs_hu/15.jpg
95;Mogyoró;2015-12-10;8;szuka;Hortaye Borzaya (Chortaj);közepes;0;11;fogszuvas;egészséges;nagy tigriscsíkos rózsaszín zöld;szeret sétálni a parkban;1;0;2021-5-16;http://localhost/FKNmenhely/www_tappancs_hu/74.jpg
96;Neutron;2020-2-23;3;kan;Szlovák csuvacs;egészséges;0;2;egészséges;egészséges;közepes foltos vörös barna;szeret sétálni a parkban;1;0;2021-7-2;http://localhost/FKNmenhely/www_tappancs_hu/196.jpg
97;Zeusz;2015-1-14;8;szuka;Wetterhoun;rossz;1;21;fogszuvas;közepes;közepes fekete sötétbarna kék;imád aludni;1;1;2022-8-22;http://localhost/FKNmenhely/www_tappancs_hu/39.jpg
98;Scott;2017-6-24;6;szuka;Ariége-i vizsla;rossz;0;27;fogszuvas;rossz;nagy sárga vörös barna;szeret játszani;1;1;2023-7-16;http://localhost/FKNmenhely/www_tappancs_hu/70.jpg
99;Csibész;2016-4-19;7;szuka;Schiller-kopó;közepes;1;16;fogszuvas;közepes;nagy foltos rózsaszín zöld;szeret kutyakölykökkel játszani;1;1;2022-5-25;http://localhost/FKNmenhely/www_tappancs_hu/38.jpg
100;Jonathan;2020-2-12;3;szuka;Coton de tuléar;közepes;1;20;egészséges;közepes;közepes fekete sötétbarna zöld;be van gyulladva a füle;1;0;2023-4-3;http://localhost/FKNmenhely/www_tappancs_hu/13.jpg
101;Pufók;2017-1-22;6;kan;Havannai pincs;rossz;0;23;egészséges;egészséges;kicsi foltos vörös zöld;köröm vágást igényel;1;0;2023-1-21;http://localhost/FKNmenhely/www_tappancs_hu/137.jpg
102;Pandúr;2019-12-20;4;szuka;Brie-i juhászkutya;egészséges;1;1;fogszuvas;egészséges;nagy vörös vörös barna;szeret labdázni;1;1;2021-2-7;http://localhost/FKNmenhely/www_tappancs_hu/101.jpg
103;Sámson;2018-1-25;5;szuka;Vizsla;közepes;0;18;fogszuvas;egészséges;kicsi sárga barna zöld;kedveli a sétákat;1;0;2023-9-9;http://localhost/FKNmenhely/www_tappancs_hu/4.jpg
104;Kelly;2019-2-10;4;kan;Olasz kopó;egészséges;0;4;foghiányos;rossz;kicsi foltos fekete zöld;szeret az ablakban ülni;1;0;2021-10-13;http://localhost/FKNmenhely/www_tappancs_hu/196.jpg
105;Nyikita;2015-3-19;8;szuka;Chinook;egészséges;1;6;fogszuvas;egészséges;nagy barna barna barna;köröm vágást igényel;1;0;2023-6-22;http://localhost/FKNmenhely/www_tappancs_hu/105.jpg
106;Grész;2019-3-7;4;kan;Berni kopó;egészséges;1;21;egészséges;közepes;közepes szürke sötétbarna barna;szeret labdázni;1;0;2021-10-18;http://localhost/FKNmenhely/www_tappancs_hu/37.jpg
107;Szofi;2018-8-16;5;kan;Taigan (Kirgiz barzoj);rossz;0;7;foghiányos;közepes;közepes fekete barna barna;kedveli a sétákat;1;0;2021-2-25;http://localhost/FKNmenhely/www_tappancs_hu/103.jpg
108;Zafír;2019-6-18;4;szuka;Grönlandi kutya;egészséges;0;19;fogszuvas;közepes;nagy foltos barna kék;szeret játszani;1;0;2021-1-4;http://localhost/FKNmenhely/www_tappancs_hu/37.jpg
109;Gigi;2019-2-14;4;szuka;Tosza inu;rossz;0;9;foghiányos;rossz;közepes arany barna zöld;szeret úszni;1;1;2023-1-24;http://localhost/FKNmenhely/www_tappancs_hu/44.jpg
110;Apolló;2017-3-2;6;szuka;Hosszúszőrű skót juhászkutya;egészséges;1;26;foghiányos;egészséges;közepes tigriscsíkos fekete kék;kedves és barátságos;1;0;2022-8-6;http://localhost/FKNmenhely/www_tappancs_hu/203.jpg
111;Maggie;2018-9-17;5;kan;Airedale terrier;közepes;0;2;egészséges;egészséges;nagy barna rózsaszín kék;szeret játszani a labdával;1;1;2023-8-13;http://localhost/FKNmenhely/www_tappancs_hu/77.jpg
112;Hasszán;2016-5-27;7;szuka;Nagy vendée-i griffon basset;egészséges;0;21;foghiányos;közepes;nagy arany rózsaszín barna;szeret játszani a labdával;1;0;2021-2-5;http://localhost/FKNmenhely/www_tappancs_hu/88.jpg
113;Jet;2017-11-1;6;kan;Tosza inu;egészséges;0;28;egészséges;közepes;kicsi fekete sötétbarna kék;több mozgást igényel;1;0;2021-2-12;http://localhost/FKNmenhely/www_tappancs_hu/24.jpg
114;Fickel;2020-3-19;3;kan;Belga vizsla;egészséges;0;13;foghiányos;rossz;kicsi vörös fekete kék;kedveli a sétákat;1;0;2022-2-28;http://localhost/FKNmenhely/www_tappancs_hu/182.jpg
115;Zeusz;2020-3-19;3;szuka;Saage kochee;rossz;0;29;egészséges;közepes;kicsi tigriscsíkos vörös barna;imád aludni;1;1;2023-11-5;http://localhost/FKNmenhely/www_tappancs_hu/195.jpg
116;Zeusz;2016-1-24;7;szuka;Kis gascogne-i kék kopó;rossz;0;29;egészséges;rossz;nagy fehér sötétbarna barna;több mozgást igényel;1;1;2021-4-5;http://localhost/FKNmenhely/www_tappancs_hu/65.jpg
117;Lasszó;2015-1-28;8;kan;Alopekisz;egészséges;1;25;fogszuvas;közepes;közepes szürke sötétbarna barna;kedveli a sétákat;1;0;2021-8-19;http://localhost/FKNmenhely/www_tappancs_hu/199.jpg
118;Mambó;2019-6-7;4;szuka;Dandie Dinmont-terrier;közepes;0;25;egészséges;rossz;kicsi fehér rózsaszín kék;imád aludni;1;0;2021-8-17;http://localhost/FKNmenhely/www_tappancs_hu/42.jpg
119;Mimi;2016-2-23;7;szuka;Észak-amerikai juhászkutya;egészséges;0;30;egészséges;egészséges;nagy tigriscsíkos barna zöld;szeret játszani a labdával;1;0;2022-6-15;http://localhost/FKNmenhely/www_tappancs_hu/194.jpg
120;Gerry;2016-5-12;7;szuka;Si-cu;közepes;0;21;foghiányos;közepes;kicsi vörös vörös kék;szeret nyugodtan pihenni;1;0;2022-4-22;http://localhost/FKNmenhely/www_tappancs_hu/193.jpg
121;Zizi;2019-9-19;4;kan;Stájeri drótszőrű kopó;rossz;1;20;foghiányos;rossz;kicsi szürke fekete kék;több mozgást igényel;1;1;2023-7-23;http://localhost/FKNmenhely/www_tappancs_hu/164.jpg
122;Bözsi;2019-11-6;4;szuka;Phu-quoc kutya;egészséges;0;5;fogszuvas;egészséges;közepes szürke fekete barna;kedves és barátságos;1;0;2022-5-26;http://localhost/FKNmenhely/www_tappancs_hu/151.jpg
123;Iván;2019-4-12;4;szuka;Belga vizsla;egészséges;0;20;fogszuvas;közepes;nagy fehér sötétbarna zöld;be van gyulladva a füle;1;0;2021-1-8;http://localhost/FKNmenhely/www_tappancs_hu/90.jpg
124;Gopher;2016-6-25;7;szuka;Tajvani kutya;rossz;1;17;fogszuvas;rossz;kicsi foltos rózsaszín barna;szeret az ablakban ülni;1;1;2022-9-18;http://localhost/FKNmenhely/www_tappancs_hu/19.jpg
125;Askim;2018-12-18;5;szuka;Észt kopó;rossz;0;29;egészséges;egészséges;nagy barna fekete zöld;köröm vágást igényel;1;1;2023-2-22;http://localhost/FKNmenhely/www_tappancs_hu/104.jpg
126;Bűvész;2017-12-17;6;szuka;Német vizsla;egészséges;1;1;foghiányos;egészséges;közepes fekete fekete kék;szeret fürdeni a tóban;1;0;2022-9-6;http://localhost/FKNmenhely/www_tappancs_hu/94.jpg
127;Ofra;2018-11-25;5;kan;Groenendael;rossz;1;2;egészséges;rossz;kicsi fehér barna zöld;be van gyulladva a füle;1;0;2023-10-19;http://localhost/FKNmenhely/www_tappancs_hu/33.jpg
128;Fló;2016-7-14;7;szuka;Angol masztiff;közepes;1;23;egészséges;közepes;kicsi szürke barna kék;kedves és barátságos;1;1;2023-6-27;http://localhost/FKNmenhely/www_tappancs_hu/55.jpg
129;Cadbury;2016-7-12;7;kan;Pembroke welsh corgi;közepes;0;23;egészséges;egészséges;kicsi arany fekete zöld;szeret labdázni;1;0;2022-8-24;http://localhost/FKNmenhely/www_tappancs_hu/160.jpg
130;Tekergő;2015-9-6;8;szuka;Svéd lapphund;egészséges;0;29;foghiányos;egészséges;nagy arany fekete barna;bélférges;1;0;2022-3-21;http://localhost/FKNmenhely/www_tappancs_hu/142.jpg
131;Apolló;2017-7-21;6;szuka;Drótszőrű német vizsla;közepes;1;1;fogszuvas;rossz;nagy barna barna barna;szeret ölelni;1;1;2021-8-27;http://localhost/FKNmenhely/www_tappancs_hu/32.jpg
132;Zsömi;2017-2-3;6;kan;Kis angol agár;rossz;1;19;egészséges;rossz;kicsi foltos rózsaszín barna;szeret kutyakölykökkel játszani;1;0;2022-9-11;http://localhost/FKNmenhely/www_tappancs_hu/99.jpg
133;Rolf;2017-12-18;6;szuka;Brazil terrier;rossz;1;9;egészséges;egészséges;nagy arany sötétbarna barna;kedves és barátságos;1;0;2022-6-12;http://localhost/FKNmenhely/www_tappancs_hu/137.jpg
134;Pajtás;2017-2-24;6;kan;Shetlandi juhászkutya;közepes;0;11;fogszuvas;egészséges;nagy sárga barna zöld;imád aludni;1;1;2023-10-3;http://localhost/FKNmenhely/www_tappancs_hu/208.jpg
135;Keisha;2020-5-12;3;szuka;Harlekin pincser;közepes;0;28;fogszuvas;közepes;nagy tigriscsíkos barna zöld;szeret játszani;1;1;2021-4-1;http://localhost/FKNmenhely/www_tappancs_hu/149.jpg
136;Gigi;2015-2-14;8;szuka;Gascogne-i kék basset;rossz;0;14;egészséges;rossz;közepes sárga fekete kék;szeret játszani;1;0;2021-12-22;http://localhost/FKNmenhely/www_tappancs_hu/65.jpg
137;Pufók;2017-7-21;6;kan;Bandog;rossz;0;17;fogszuvas;rossz;kicsi foltos fekete zöld;szeret fürdeni a tóban;1;1;2022-3-16;http://localhost/FKNmenhely/www_tappancs_hu/32.jpg
138;Keksz;2018-12-15;5;kan;Azawakh;rossz;0;8;egészséges;egészséges;közepes tigriscsíkos sötétbarna barna;kedves és barátságos;1;0;2021-9-21;http://localhost/FKNmenhely/www_tappancs_hu/148.jpg
139;Lili;2018-2-8;5;szuka;Közép-ázsiai juhászkutya;egészséges;0;9;foghiányos;egészséges;közepes tigriscsíkos barna barna;több mozgást igényel;1;1;2022-8-8;http://localhost/FKNmenhely/www_tappancs_hu/3.jpg
140;Lili;2017-8-22;6;szuka;Kanári-szigeteki kopó;közepes;0;11;egészséges;közepes;kicsi foltos fekete barna;imád aludni;1;0;2023-7-12;http://localhost/FKNmenhely/www_tappancs_hu/169.jpg
141;Lasszó;2016-9-26;7;kan;Tervueren (Belga juhászkutya);rossz;0;19;foghiányos;rossz;nagy arany fekete zöld;szeret nyugodtan pihenni;1;0;2023-3-6;http://localhost/FKNmenhely/www_tappancs_hu/52.jpg
142;Vanília;2016-3-27;7;kan;Cirneco dell’Etna;egészséges;1;12;fogszuvas;rossz;nagy foltos rózsaszín barna;szeret játszani a labdával;1;0;2023-4-18;http://localhost/FKNmenhely/www_tappancs_hu/151.jpg
143;Csöpi;2020-11-4;3;szuka;Angol-francia falkavadász kopó;közepes;1;21;foghiányos;közepes;kicsi foltos sötétbarna zöld;szeret labdázni;1;0;2021-7-18;http://localhost/FKNmenhely/www_tappancs_hu/121.jpg
144;Charlie;2017-1-2;6;kan;Wetterhoun;közepes;1;7;egészséges;rossz;közepes vörös barna zöld;köröm vágást igényel;1;0;2023-7-15;http://localhost/FKNmenhely/www_tappancs_hu/169.jpg
145;Viti;2017-2-14;6;kan;Német vizsla;közepes;0;19;fogszuvas;rossz;közepes tigriscsíkos fekete zöld;szeret labdázni;1;0;2022-4-2;http://localhost/FKNmenhely/www_tappancs_hu/74.jpg
146;Furby;2019-9-12;4;szuka;Shikoku inu;közepes;0;13;fogszuvas;egészséges;kicsi szürke fekete kék;szeret ölelni;1;1;2022-10-19;http://localhost/FKNmenhely/www_tappancs_hu/201.jpg
147;Goldy;2018-9-7;5;szuka;Fáraókutya;egészséges;0;28;foghiányos;közepes;közepes fehér sötétbarna kék;szeret sétálni a parkban;1;1;2021-12-22;http://localhost/FKNmenhely/www_tappancs_hu/197.jpg
148;Pongó;2019-2-16;4;szuka;Bullterrier;rossz;0;14;egészséges;közepes;nagy szürke sötétbarna zöld;kedveli a sétákat;1;0;2023-2-3;http://localhost/FKNmenhely/www_tappancs_hu/202.jpg
149;Nimród;2019-5-9;4;szuka;Francia kopó;egészséges;1;14;foghiányos;közepes;közepes barna sötétbarna kék;kedveli a sétákat;1;0;2023-1-21;http://localhost/FKNmenhely/www_tappancs_hu/203.jpg
150;Igric;2015-6-26;8;szuka;Lundehund;egészséges;1;1;fogszuvas;rossz;közepes vörös vörös kék;szeret nyugodtan pihenni;1;1;2022-9-10;http://localhost/FKNmenhely/www_tappancs_hu/169.jpg
151;Illés;2016-5-20;7;szuka;Törpespicc;közepes;1;11;foghiányos;egészséges;közepes fehér fekete barna;be van gyulladva a füle;1;0;2023-3-25;http://localhost/FKNmenhely/www_tappancs_hu/84.jpg
152;Pandúr;2018-9-8;5;szuka;Svéd lapphund;egészséges;1;29;fogszuvas;közepes;nagy tigriscsíkos vörös barna;szeret labdázni;1;1;2022-3-28;http://localhost/FKNmenhely/www_tappancs_hu/33.jpg
153;Desiré;2020-4-18;3;kan;Közép uszkár;rossz;1;23;egészséges;rossz;közepes sárga rózsaszín zöld;szeret labdázni;1;1;2023-2-2;http://localhost/FKNmenhely/www_tappancs_hu/31.jpg
154;Stella;2017-11-14;6;kan;Malinois;egészséges;0;11;foghiányos;rossz;közepes arany vörös kék;kedves és barátságos;1;1;2023-10-5;http://localhost/FKNmenhely/www_tappancs_hu/134.jpg
155;Mazsola;2019-8-17;4;szuka;Amerikai cocker spániel;rossz;1;29;fogszuvas;rossz;közepes arany barna kék;szeret úszni;1;1;2022-4-10;http://localhost/FKNmenhely/www_tappancs_hu/198.jpg
156;Sparco;2016-6-11;7;kan;Angol mosómedvekopó;egészséges;0;29;egészséges;rossz;nagy vörös fekete kék;kedves és barátságos;1;0;2022-5-24;http://localhost/FKNmenhely/www_tappancs_hu/58.jpg
157;Stuki;2020-4-28;3;kan;Erdélyi kopó  Magyarország;egészséges;0;26;foghiányos;egészséges;közepes vörös vörös barna;szeret az ablakban ülni;1;1;2023-11-24;http://localhost/FKNmenhely/www_tappancs_hu/126.jpg
158;Rex;2020-9-4;3;kan;Bolognai pincs;egészséges;0;17;foghiányos;egészséges;kicsi szürke vörös zöld;be van gyulladva a füle;1;0;2021-6-15;http://localhost/FKNmenhely/www_tappancs_hu/29.jpg
159;Bogáncs;2015-3-16;8;szuka;Trikolor francia kopó;közepes;0;10;egészséges;közepes;nagy fehér rózsaszín barna;kedves és barátságos;1;1;2021-10-20;http://localhost/FKNmenhely/www_tappancs_hu/89.jpg
160;Darling;2020-2-11;3;szuka;Lengyel kopó;rossz;0;24;foghiányos;közepes;közepes fehér barna kék;szeret fürdeni a tóban;1;0;2023-2-28;http://localhost/FKNmenhely/www_tappancs_hu/107.jpg
161;Igloo;2015-6-14;8;kan;Field spániel;közepes;0;16;egészséges;egészséges;nagy tigriscsíkos barna barna;kedveli a sétákat;1;0;2021-5-13;http://localhost/FKNmenhely/www_tappancs_hu/4.jpg
162;Lady;2016-11-10;7;kan;Mallorcai pásztorkutya;egészséges;0;5;egészséges;közepes;közepes szürke sötétbarna zöld;bélférges;1;0;2023-10-10;http://localhost/FKNmenhely/www_tappancs_hu/98.jpg
163;Jonathan;2020-1-14;3;kan;Trikolor francia kopó;rossz;1;23;egészséges;rossz;közepes fehér rózsaszín zöld;szeret ölelni;1;1;2022-2-4;http://localhost/FKNmenhely/www_tappancs_hu/191.jpg
164;Narancs;2016-2-11;7;szuka;Drótszőrű magyar vizsla;egészséges;0;24;fogszuvas;rossz;nagy vörös vörös barna;bélférges;1;0;2023-10-9;http://localhost/FKNmenhely/www_tappancs_hu/123.jpg
165;Jenny;2015-6-13;8;szuka;Kis vendée-i griffon basset;közepes;0;18;foghiányos;közepes;közepes fekete barna kék;imád aludni;1;1;2021-4-20;http://localhost/FKNmenhely/www_tappancs_hu/105.jpg
166;Glédis;2018-3-23;5;szuka;Vesztfáliai tacskókopó;közepes;1;2;egészséges;rossz;kicsi foltos sötétbarna kék;bélférges;1;1;2021-4-3;http://localhost/FKNmenhely/www_tappancs_hu/174.jpg
167;Limbó;2017-6-26;6;szuka;Svájci kopó;rossz;1;18;foghiányos;rossz;nagy sárga rózsaszín kék;szeret futkosni a kertben;1;0;2022-8-21;http://localhost/FKNmenhely/www_tappancs_hu/68.jpg
168;Vacak;2019-5-25;4;kan;Olasz kopó;rossz;0;4;egészséges;közepes;nagy vörös barna kék;szeret labdázni;1;0;2023-11-20;http://localhost/FKNmenhely/www_tappancs_hu/14.jpg
169;Gombi;2017-4-5;6;kan;Pointer;közepes;1;20;egészséges;rossz;kicsi arany barna zöld;szeret játszani;1;1;2022-2-4;http://localhost/FKNmenhely/www_tappancs_hu/135.jpg
170;Pandúr;2015-12-15;8;szuka;Labrador retriever;közepes;0;9;foghiányos;rossz;közepes fekete sötétbarna barna;szeret az ablakban ülni;1;0;2023-4-10;http://localhost/FKNmenhely/www_tappancs_hu/168.jpg
171;Bogáncs;2018-5-4;5;szuka;Labrador retriever;rossz;1;21;fogszuvas;egészséges;nagy fehér barna kék;köröm vágást igényel;1;1;2022-10-15;http://localhost/FKNmenhely/www_tappancs_hu/20.jpg
172;Neutron;2019-11-19;4;szuka;Portugál vízikutya;közepes;0;3;foghiányos;közepes;közepes szürke barna kék;imád aludni;1;0;2023-6-5;http://localhost/FKNmenhely/www_tappancs_hu/110.jpg
173;Igloo;2016-9-2;7;szuka;Shiloh juhászkutya;egészséges;0;21;fogszuvas;rossz;közepes szürke sötétbarna kék;szeret játszani a labdával;1;1;2022-11-9;http://localhost/FKNmenhely/www_tappancs_hu/145.jpg
174;Rüszi;2017-8-6;6;szuka;Staffordshire bullterrier;közepes;0;21;egészséges;közepes;közepes fekete fekete kék;szeret játszani;1;1;2023-12-25;http://localhost/FKNmenhely/www_tappancs_hu/117.jpg
175;Jade;2015-7-24;8;szuka;Hannoveri véreb;közepes;0;5;foghiányos;közepes;közepes sárga rózsaszín zöld;szeret játszani;1;1;2021-1-10;http://localhost/FKNmenhely/www_tappancs_hu/166.jpg
176;Scott;2020-3-9;3;szuka;Ónémet juhászkutya;egészséges;1;14;egészséges;rossz;közepes barna barna kék;szeret az ablakban ülni;1;1;2021-11-20;http://localhost/FKNmenhely/www_tappancs_hu/8.jpg
177;Rejtély;2015-3-5;8;kan;Nivernais-i griffon;rossz;0;1;foghiányos;rossz;közepes fehér fekete barna;szeret labdázni;1;1;2022-11-23;http://localhost/FKNmenhely/www_tappancs_hu/196.jpg
178;Edward;2015-2-10;8;kan;Wetterhoun;rossz;1;2;egészséges;egészséges;kicsi fekete rózsaszín zöld;kedveli a sétákat;1;1;2023-4-18;http://localhost/FKNmenhely/www_tappancs_hu/147.jpg
179;Ibis;2017-2-25;6;kan;Angol-francia falkavadász kopó;közepes;1;28;egészséges;egészséges;kicsi tigriscsíkos fekete barna;köröm vágást igényel;1;1;2023-2-1;http://localhost/FKNmenhely/www_tappancs_hu/37.jpg
180;Parádé;2017-1-15;6;kan;Nagy vendée-i griffon;közepes;0;21;fogszuvas;közepes;közepes foltos rózsaszín barna;szeret fürdeni a tóban;1;0;2023-6-20;http://localhost/FKNmenhely/www_tappancs_hu/73.jpg
181;Ládikó;2017-10-1;6;kan;Bolognai pincs;egészséges;0;2;fogszuvas;egészséges;nagy fehér barna kék;kedves és barátságos;1;0;2021-4-26;http://localhost/FKNmenhely/www_tappancs_hu/197.jpg
182;Meggi;2016-3-28;7;szuka;Wolfspitz;közepes;1;22;egészséges;rossz;nagy barna barna kék;imád aludni;1;1;2021-7-27;http://localhost/FKNmenhely/www_tappancs_hu/165.jpg
183;Rex;2019-4-23;4;szuka;West highland white terrier;egészséges;0;1;egészséges;egészséges;közepes fehér vörös kék;köröm vágást igényel;1;1;2021-4-26;http://localhost/FKNmenhely/www_tappancs_hu/15.jpg
184;Ajax;2016-8-20;7;szuka;Francia bulldog;egészséges;0;1;foghiányos;közepes;nagy vörös barna barna;szeret kutyakölykökkel játszani;1;0;2023-4-22;http://localhost/FKNmenhely/www_tappancs_hu/152.jpg
185;Pisze;2019-7-17;4;kan;Angol cocker spániel;egészséges;0;7;foghiányos;egészséges;közepes fekete rózsaszín zöld;kedves és barátságos;1;0;2023-9-13;http://localhost/FKNmenhely/www_tappancs_hu/185.jpg
186;Karesz;2015-5-15;8;kan;Majestic tree hound;közepes;1;4;fogszuvas;egészséges;kicsi tigriscsíkos vörös zöld;szeret játszani a labdával;1;0;2022-3-17;http://localhost/FKNmenhely/www_tappancs_hu/2.jpg
187;Pamacs;2019-8-18;4;kan;Pointer;közepes;0;3;egészséges;rossz;kicsi arany fekete barna;több mozgást igényel;1;0;2021-1-4;http://localhost/FKNmenhely/www_tappancs_hu/160.jpg
188;Gerry;2016-5-21;7;szuka;Azori-szigeteki kutya;egészséges;0;21;fogszuvas;közepes;nagy sárga vörös barna;szeret játszani a labdával;1;1;2021-8-2;http://localhost/FKNmenhely/www_tappancs_hu/186.jpg
189;Kenny;2015-1-12;8;kan;Broholmer;egészséges;0;15;foghiányos;közepes;kicsi barna sötétbarna zöld;szeret az ablakban ülni;1;0;2021-9-4;http://localhost/FKNmenhely/www_tappancs_hu/91.jpg
190;Zsuzsu;2016-12-15;7;kan;Beauce-i juhászkutya;egészséges;0;21;foghiányos;rossz;nagy szürke sötétbarna kék;szeret ölelni;1;0;2021-12-16;http://localhost/FKNmenhely/www_tappancs_hu/192.jpg
191;Cadbury;2018-10-9;5;szuka;Ausztrál pásztorkutya;rossz;1;27;foghiányos;rossz;kicsi tigriscsíkos fekete kék;köröm vágást igényel;1;1;2023-8-16;http://localhost/FKNmenhely/www_tappancs_hu/188.jpg
192;Fifi;2020-10-28;3;szuka;Hovawart;közepes;0;20;fogszuvas;közepes;közepes barna sötétbarna zöld;szeret ölelni;1;0;2023-12-3;http://localhost/FKNmenhely/www_tappancs_hu/197.jpg
193;Ládikó;2016-6-8;7;kan;Jack Russell terrier;közepes;1;8;egészséges;rossz;közepes tigriscsíkos fekete kék;szeret úszni;1;1;2021-3-19;http://localhost/FKNmenhely/www_tappancs_hu/169.jpg
194;Kloé;2019-6-10;4;kan;Angol pointer;közepes;0;8;fogszuvas;egészséges;nagy fehér barna barna;szeret sétálni a parkban;1;1;2022-2-17;http://localhost/FKNmenhely/www_tappancs_hu/12.jpg
195;Gandhi;2016-11-20;7;kan;Savoye-i pásztorkutya;közepes;1;22;fogszuvas;egészséges;nagy fehér sötétbarna kék;kedveli a sétákat;1;1;2023-12-4;http://localhost/FKNmenhely/www_tappancs_hu/42.jpg
196;Cadbury;2017-3-20;6;szuka;Törpespitz;közepes;0;24;egészséges;közepes;kicsi szürke fekete kék;szeret játszani;1;0;2023-7-27;http://localhost/FKNmenhely/www_tappancs_hu/38.jpg
197;Narancs;2015-6-20;8;kan;Hamilton-kopó;rossz;1;9;fogszuvas;rossz;közepes szürke rózsaszín kék;kedves és barátságos;1;1;2021-5-3;http://localhost/FKNmenhely/www_tappancs_hu/162.jpg
198;Fickel;2020-4-14;3;szuka;Hosszúszőrű pireneusi juhászkutya;közepes;0;8;fogszuvas;rossz;kicsi szürke rózsaszín zöld;szeret sétálni a parkban;1;1;2023-9-11;http://localhost/FKNmenhely/www_tappancs_hu/194.jpg
199;Gopher;2020-10-23;3;kan;Kisspitz;egészséges;1;29;egészséges;közepes;nagy fekete sötétbarna zöld;szeret ölelni;1;0;2022-1-19;http://localhost/FKNmenhely/www_tappancs_hu/149.jpg
200;Szeti;2020-7-21;3;szuka;Pireneusi hegyikutya;közepes;1;8;fogszuvas;egészséges;közepes fekete sötétbarna kék;kedveli a sétákat;1;1;2021-8-18;http://localhost/FKNmenhely/www_tappancs_hu/91.jpg
201;Nyikita;2020-10-15;3;szuka;Appenzelli havasi kutya;rossz;1;27;foghiányos;egészséges;nagy tigriscsíkos vörös zöld;szeret játszani;1;1;2023-11-12;http://localhost/FKNmenhely/www_tappancs_hu/8.jpg
202;Rinó;2020-3-7;3;szuka;Sealyham terrier;közepes;1;8;foghiányos;egészséges;kicsi sárga vörös barna;imád aludni;1;1;2023-6-28;http://localhost/FKNmenhely/www_tappancs_hu/49.jpg
203;Sonny;2016-9-4;7;kan;Nagy vendée-i griffon basset;rossz;1;20;foghiányos;egészséges;közepes fehér sötétbarna zöld;szeret nyugodtan pihenni;1;1;2023-4-1;http://localhost/FKNmenhely/www_tappancs_hu/144.jpg
204;Lassie;2016-12-6;7;kan;Drótszőrű griffon;közepes;1;27;fogszuvas;egészséges;közepes foltos vörös zöld;szeret ölelni;1;0;2022-12-12;http://localhost/FKNmenhely/www_tappancs_hu/186.jpg
205;Leó;2018-9-2;5;kan;Görög kopó;rossz;1;2;egészséges;egészséges;közepes vörös vörös barna;szeret sétálni a parkban;1;0;2021-2-22;http://localhost/FKNmenhely/www_tappancs_hu/175.jpg
206;Leila;2020-6-3;3;kan;Pomerániai törpespicc;egészséges;1;9;fogszuvas;egészséges;nagy szürke fekete barna;szeret játszani;1;0;2023-1-7;http://localhost/FKNmenhely/www_tappancs_hu/204.jpg
207;Nimród;2015-7-18;8;kan;Lundehund;közepes;0;5;fogszuvas;rossz;kicsi foltos rózsaszín barna;több mozgást igényel;1;1;2023-4-21;http://localhost/FKNmenhely/www_tappancs_hu/19.jpg
208;Suhanc;2017-12-6;6;kan;Hosszúszőrű német vizsla;közepes;0;10;fogszuvas;rossz;közepes sárga vörös zöld;szeret futkosni a kertben;1;1;2022-6-4;http://localhost/FKNmenhely/www_tappancs_hu/53.jpg
209;Smokie;2015-10-28;8;kan;Norrbotteni spicc;egészséges;0;13;foghiányos;közepes;nagy sárga fekete kék;szeret futkosni a kertben;1;1;2022-3-17;http://localhost/FKNmenhely/www_tappancs_hu/152.jpg
