1;Askim;2020-7-23;3;szuka;Foxterrier;közepes;1;4;foghiányos;rossz;kicsi arany rózsaszín kék;köröm vágást igényel;1;0;2023-11-25;http://localhost/FKNmenhely/www_tappancs_hu/176.jpg
2;Askim;2017-8-27;6;szuka;Bordeaux-i dog;közepes;1;1;fogszuvas;rossz;kicsi vörös rózsaszín barna;szeret az ablakban ülni;1;1;2023-2-13;http://localhost/FKNmenhely/www_tappancs_hu/78.jpg
3;Szofi;2017-5-27;6;kan;Szetter;egészséges;0;20;egészséges;egészséges;nagy fehér rózsaszín zöld;szeret ölelni;1;1;2023-5-13;http://localhost/FKNmenhely/www_tappancs_hu/27.jpg
4;Rolf;2018-2-15;5;kan;Amerikai cocker spániel;rossz;0;16;foghiányos;rossz;kicsi foltos vörös barna;több mozgást igényel;1;1;2021-10-7;http://localhost/FKNmenhely/www_tappancs_hu/72.jpg
5;Cadbury;2019-12-17;4;szuka;Poitevin;rossz;0;24;egészséges;közepes;kicsi szürke sötétbarna kék;szeret úszni;1;0;2022-11-4;http://localhost/FKNmenhely/www_tappancs_hu/184.jpg
6;Szerecsendió;2017-7-4;6;szuka;Izlandi juhászkutya;egészséges;0;10;fogszuvas;rossz;közepes vörös barna kék;szeret fürdeni a tóban;1;1;2022-3-19;http://localhost/FKNmenhely/www_tappancs_hu/189.jpg
7;Fabula;2019-9-19;4;szuka;Siba inu;közepes;0;25;foghiányos;közepes;kicsi barna vörös zöld;kedves és barátságos;1;1;2022-1-28;http://localhost/FKNmenhely/www_tappancs_hu/26.jpg
8;Anasztázia;2018-9-3;5;kan;Fríz vízikutya;egészséges;0;13;egészséges;rossz;kicsi tigriscsíkos fekete zöld;több mozgást igényel;1;0;2021-11-22;http://localhost/FKNmenhely/www_tappancs_hu/140.jpg
9;Lady;2017-10-4;6;szuka;Simaszőrű portugál kopó;közepes;1;26;foghiányos;egészséges;nagy arany rózsaszín kék;szeret labdázni;1;1;2022-6-28;http://localhost/FKNmenhely/www_tappancs_hu/136.jpg
10;Vanília;2017-6-25;6;szuka;Svéd lapphund;közepes;0;5;foghiányos;rossz;közepes foltos fekete kék;szeret sétálni a parkban;1;0;2021-3-2;http://localhost/FKNmenhely/www_tappancs_hu/141.jpg
11;Cherie;2019-8-17;4;szuka;Barbet;egészséges;1;12;fogszuvas;közepes;közepes tigriscsíkos sötétbarna kék;köröm vágást igényel;1;1;2023-2-26;http://localhost/FKNmenhely/www_tappancs_hu/12.jpg
12;Zsömi;2015-11-8;8;kan;Drótszőrű isztriai kopó;közepes;1;5;egészséges;közepes;kicsi tigriscsíkos barna kék;be van gyulladva a füle;1;0;2022-2-11;http://localhost/FKNmenhely/www_tappancs_hu/68.jpg
13;Amaya;2017-9-10;6;kan;Skót szarvasagár;közepes;1;10;fogszuvas;egészséges;kicsi szürke sötétbarna kék;szeret futkosni a kertben;1;1;2022-11-18;http://localhost/FKNmenhely/www_tappancs_hu/107.jpg
14;Jasper;2015-1-2;8;szuka;Belga vizsla;rossz;1;1;foghiányos;közepes;nagy sárga barna zöld;kedveli a sétákat;1;0;2022-6-5;http://localhost/FKNmenhely/www_tappancs_hu/160.jpg
15;Szultán;2018-6-20;5;kan;Amerikai vízispániel;egészséges;1;23;fogszuvas;közepes;nagy barna barna kék;kedves és barátságos;1;0;2023-5-10;http://localhost/FKNmenhely/www_tappancs_hu/208.jpg
16;Edward;2019-5-9;4;kan;Billy;közepes;1;6;fogszuvas;egészséges;kicsi foltos rózsaszín zöld;szeret játszani;1;1;2021-11-19;http://localhost/FKNmenhely/www_tappancs_hu/21.jpg
17;Jonathan;2019-11-8;4;szuka;Glen of Imaal terrier;rossz;1;7;fogszuvas;egészséges;közepes barna vörös barna;szeret játszani a labdával;1;1;2021-6-11;http://localhost/FKNmenhely/www_tappancs_hu/51.jpg
18;Napóleon;2019-3-14;4;kan;Jack Russell terrier;egészséges;1;13;fogszuvas;rossz;közepes sárga vörös zöld;szeret fürdeni a tóban;1;1;2022-6-6;http://localhost/FKNmenhely/www_tappancs_hu/39.jpg
19;Adél;2020-9-5;3;szuka;Vörös ír szetter;közepes;0;9;foghiányos;rossz;nagy fehér rózsaszín barna;szeret kutyakölykökkel játszani;1;0;2023-1-13;http://localhost/FKNmenhely/www_tappancs_hu/169.jpg
20;Leó;2016-1-16;7;szuka;Gascogne-i kék griffon;rossz;0;1;foghiányos;közepes;közepes arany barna kék;szeret az ablakban ülni;1;1;2022-6-27;http://localhost/FKNmenhely/www_tappancs_hu/190.jpg
21;Rüszi;2020-7-1;3;kan;Ibizai kopó;rossz;1;22;foghiányos;egészséges;nagy szürke rózsaszín barna;bélférges;1;1;2022-9-16;http://localhost/FKNmenhely/www_tappancs_hu/149.jpg
22;Apolló;2020-11-24;3;szuka;Brüsszeli griffon;egészséges;1;23;fogszuvas;egészséges;közepes tigriscsíkos vörös zöld;szeret futkosni a kertben;1;1;2022-2-16;http://localhost/FKNmenhely/www_tappancs_hu/100.jpg
23;Melák;2016-10-22;7;szuka;Törpe uszkár;egészséges;1;6;fogszuvas;egészséges;kicsi szürke barna zöld;bélférges;1;1;2021-8-1;http://localhost/FKNmenhely/www_tappancs_hu/54.jpg
24;Gandhi;2018-6-12;5;szuka;Moszkvai hosszú szőrű toy terrier;közepes;0;3;foghiányos;egészséges;közepes foltos vörös zöld;szeret nyugodtan pihenni;1;1;2022-1-9;http://localhost/FKNmenhely/www_tappancs_hu/181.jpg
25;Neutron;2018-12-6;5;szuka;bolonka francuska;egészséges;1;4;fogszuvas;egészséges;nagy szürke sötétbarna barna;több mozgást igényel;1;0;2022-2-12;http://localhost/FKNmenhely/www_tappancs_hu/97.jpg
26;Zola;2018-5-2;5;kan;Clumber spániel;egészséges;1;30;foghiányos;rossz;kicsi vörös barna kék;bélférges;1;1;2021-6-23;http://localhost/FKNmenhely/www_tappancs_hu/30.jpg
27;Polli;2015-12-3;8;kan;Kras-medencei juhászkutya;egészséges;0;18;fogszuvas;közepes;kicsi szürke rózsaszín barna;kedveli a sétákat;1;0;2023-7-11;http://localhost/FKNmenhely/www_tappancs_hu/48.jpg
28;Oszkár;2016-5-28;7;szuka;Kunming kutya;közepes;1;9;foghiányos;rossz;nagy arany fekete kék;több mozgást igényel;1;0;2022-4-25;http://localhost/FKNmenhely/www_tappancs_hu/148.jpg
29;Mézeske;2020-7-16;3;szuka;Dán-svéd őrkutya;rossz;1;1;fogszuvas;közepes;közepes fehér fekete barna;kedveli a sétákat;1;0;2023-2-16;http://localhost/FKNmenhely/www_tappancs_hu/15.jpg
30;FuFu;2020-9-15;3;szuka;Tátrai juhászkutya;egészséges;1;19;fogszuvas;közepes;kicsi sárga vörös kék;szeret labdázni;1;0;2023-10-24;http://localhost/FKNmenhely/www_tappancs_hu/7.jpg
31;Darling;2015-7-14;8;kan;Bichon havanese;egészséges;0;16;egészséges;közepes;kicsi arany rózsaszín zöld;szeret labdázni;1;0;2022-6-28;http://localhost/FKNmenhely/www_tappancs_hu/191.jpg
32;Jet;2017-8-21;6;szuka;Norrbotteni spicc;egészséges;1;13;egészséges;közepes;nagy szürke fekete zöld;köröm vágást igényel;1;0;2022-2-1;http://localhost/FKNmenhely/www_tappancs_hu/99.jpg
33;Igloo;2017-10-8;6;szuka;Német vadászterrier;rossz;1;22;foghiányos;rossz;kicsi arany vörös zöld;több mozgást igényel;1;1;2022-5-18;http://localhost/FKNmenhely/www_tappancs_hu/87.jpg
34;Szetti;2015-7-7;8;szuka;Toy uszkár;közepes;1;7;fogszuvas;közepes;nagy szürke vörös zöld;kedveli a sétákat;1;1;2021-2-21;http://localhost/FKNmenhely/www_tappancs_hu/203.jpg
35;Ördög;2016-12-8;7;kan;Tosza inu;egészséges;0;3;fogszuvas;egészséges;kicsi sárga sötétbarna kék;szeret ölelni;1;0;2023-6-4;http://localhost/FKNmenhely/www_tappancs_hu/195.jpg
36;Sonny;2016-11-16;7;szuka;Dalmata;közepes;0;22;fogszuvas;egészséges;kicsi vörös vörös zöld;több mozgást igényel;1;1;2023-3-15;http://localhost/FKNmenhely/www_tappancs_hu/48.jpg
37;Csülök;2019-12-17;4;szuka;Olasz agár;egészséges;1;10;fogszuvas;közepes;közepes fekete sötétbarna zöld;imád aludni;1;0;2021-5-6;http://localhost/FKNmenhely/www_tappancs_hu/78.jpg
38;Killer;2015-7-20;8;kan;Szlovák csuvacs;rossz;1;18;egészséges;rossz;kicsi foltos vörös barna;be van gyulladva a füle;1;1;2022-6-28;http://localhost/FKNmenhely/www_tappancs_hu/167.jpg
39;Kenny;2016-1-19;7;szuka;Soft coated wheaten terrier;rossz;1;11;fogszuvas;közepes;közepes vörös vörös kék;imád aludni;1;1;2023-7-5;http://localhost/FKNmenhely/www_tappancs_hu/87.jpg
40;Csöpi;2019-6-25;4;kan;Amerikai meztelen terrier;közepes;1;15;fogszuvas;közepes;nagy tigriscsíkos sötétbarna barna;szeret labdázni;1;0;2021-7-21;http://localhost/FKNmenhely/www_tappancs_hu/26.jpg
41;Kuku;2020-6-17;3;kan;Kerry blue terrier;egészséges;0;7;egészséges;közepes;nagy fekete barna zöld;szeret nyugodtan pihenni;1;1;2022-7-3;http://localhost/FKNmenhely/www_tappancs_hu/25.jpg
42;Oblix;2017-8-22;6;kan;West highland white terrier;egészséges;0;7;fogszuvas;egészséges;kicsi tigriscsíkos rózsaszín zöld;több mozgást igényel;1;0;2021-5-9;http://localhost/FKNmenhely/www_tappancs_hu/28.jpg
43;Lexi;2017-4-18;6;kan;Román pásztor kutya;közepes;0;12;fogszuvas;rossz;kicsi sárga vörös kék;kedves és barátságos;1;1;2021-12-23;http://localhost/FKNmenhely/www_tappancs_hu/210.jpg
44;Adolf;2018-12-14;5;szuka;Óriás uszkár;egészséges;1;30;fogszuvas;egészséges;nagy tigriscsíkos rózsaszín zöld;szeret sétálni a parkban;1;1;2022-8-15;http://localhost/FKNmenhely/www_tappancs_hu/48.jpg
45;Teddy;2019-3-11;4;kan;Bajor hegyi véreb;rossz;0;14;egészséges;rossz;nagy foltos barna zöld;szeret játszani;1;0;2023-3-12;http://localhost/FKNmenhely/www_tappancs_hu/138.jpg
46;Limbó;2015-5-13;8;kan;Airedale terrier;rossz;0;10;foghiányos;közepes;nagy fekete sötétbarna barna;szeret labdázni;1;0;2021-1-9;http://localhost/FKNmenhely/www_tappancs_hu/175.jpg
47;Milli;2015-6-6;8;szuka;Dandie Dinmont-terrier;rossz;0;24;fogszuvas;rossz;nagy fehér barna zöld;imád aludni;1;0;2023-6-23;http://localhost/FKNmenhely/www_tappancs_hu/154.jpg
48;Ajax;2016-3-5;7;szuka;Mioritic pásztorkutya;egészséges;0;5;egészséges;egészséges;közepes foltos vörös barna;szeret az ablakban ülni;1;1;2021-4-11;http://localhost/FKNmenhely/www_tappancs_hu/13.jpg
49;Lady;2017-8-22;6;kan;Vidrakopó;közepes;1;17;foghiányos;közepes;nagy fehér vörös barna;szeret ölelni;1;0;2021-1-19;http://localhost/FKNmenhely/www_tappancs_hu/120.jpg
50;Szultán;2020-4-18;3;szuka;Rövidszőrű isztriai kopó;egészséges;0;6;fogszuvas;közepes;nagy tigriscsíkos vörös barna;szeret úszni;1;0;2022-11-3;http://localhost/FKNmenhely/www_tappancs_hu/204.jpg
51;Orlando;2017-5-22;6;szuka;Kis luzerni kopó;egészséges;0;26;foghiányos;közepes;közepes arany vörös kék;szeret úszni;1;1;2021-2-19;http://localhost/FKNmenhely/www_tappancs_hu/127.jpg
52;Ofélia;2020-1-2;3;szuka;bolonka cvetna;közepes;0;6;foghiányos;közepes;közepes foltos fekete barna;bélférges;1;1;2022-7-13;http://localhost/FKNmenhely/www_tappancs_hu/27.jpg
53;Zsüti;2016-4-10;7;szuka;Sealyham terrier;közepes;1;2;foghiányos;közepes;kicsi barna vörös barna;bélférges;1;0;2021-8-12;http://localhost/FKNmenhely/www_tappancs_hu/52.jpg
54;Kenny;2018-3-23;5;kan;Törpe uszkár;közepes;1;27;egészséges;közepes;közepes foltos rózsaszín kék;szeret sétálni a parkban;1;0;2023-10-21;http://localhost/FKNmenhely/www_tappancs_hu/73.jpg
55;Nudli;2018-2-27;5;szuka;Jämthund;közepes;0;30;egészséges;rossz;kicsi tigriscsíkos fekete kék;bélférges;1;0;2023-5-12;http://localhost/FKNmenhely/www_tappancs_hu/39.jpg
56;Iván;2017-6-5;6;szuka;Tiroli kopó;rossz;1;4;foghiányos;rossz;közepes arany fekete kék;szeret sétálni a parkban;1;0;2021-11-4;http://localhost/FKNmenhely/www_tappancs_hu/100.jpg
57;Beethoven;2018-4-15;5;kan;Mudhol Hound;rossz;0;14;fogszuvas;rossz;kicsi foltos fekete zöld;több mozgást igényel;1;0;2022-1-22;http://localhost/FKNmenhely/www_tappancs_hu/62.jpg
58;Okonor;2019-6-10;4;kan;Pikárdiai juhászkutya;egészséges;1;29;egészséges;egészséges;közepes sárga sötétbarna barna;szeret úszni;1;0;2022-5-16;http://localhost/FKNmenhely/www_tappancs_hu/33.jpg
59;Jockey;2017-8-26;6;kan;Belga griffon;közepes;0;4;fogszuvas;egészséges;nagy vörös rózsaszín kék;szeret ölelni;1;1;2022-11-1;http://localhost/FKNmenhely/www_tappancs_hu/117.jpg
60;Bodri;2020-1-19;3;kan;Lengyel kopó;rossz;1;16;egészséges;egészséges;kicsi fehér fekete zöld;több mozgást igényel;1;0;2021-4-2;http://localhost/FKNmenhely/www_tappancs_hu/54.jpg
61;Cherie;2017-6-27;6;szuka;Tervueren;közepes;1;9;foghiányos;közepes;nagy tigriscsíkos rózsaszín kék;kedveli a sétákat;1;1;2023-6-16;http://localhost/FKNmenhely/www_tappancs_hu/65.jpg
62;Orchidea;2019-5-1;4;kan;Pomerániai törpespicc;közepes;1;15;fogszuvas;egészséges;kicsi foltos barna zöld;imád aludni;1;1;2022-12-14;http://localhost/FKNmenhely/www_tappancs_hu/47.jpg
63;Jerry;2015-3-25;8;kan;Német kopó;rossz;1;5;foghiányos;rossz;közepes sárga barna zöld;szeret sétálni a parkban;1;1;2021-2-26;http://localhost/FKNmenhely/www_tappancs_hu/38.jpg
64;Lucy;2015-10-23;8;kan;Kanári-szigeteki kutya;közepes;0;24;egészséges;egészséges;kicsi foltos rózsaszín barna;szeret úszni;1;0;2022-5-3;http://localhost/FKNmenhely/www_tappancs_hu/140.jpg
65;Csibész;2017-3-2;6;szuka;Lhasa apso;közepes;1;19;fogszuvas;rossz;nagy fehér rózsaszín kék;szeret úszni;1;1;2022-3-12;http://localhost/FKNmenhely/www_tappancs_hu/177.jpg
66;Cézár;2016-12-7;7;kan;Bourbonnais-i vizsla;egészséges;1;16;fogszuvas;közepes;nagy fehér barna barna;be van gyulladva a füle;1;0;2022-6-9;http://localhost/FKNmenhely/www_tappancs_hu/32.jpg
67;Pongó;2017-4-11;6;szuka;Lengyel alföldi juhászkutya;közepes;0;24;egészséges;egészséges;közepes tigriscsíkos fekete barna;szeret az ablakban ülni;1;0;2022-9-16;http://localhost/FKNmenhely/www_tappancs_hu/77.jpg
68;Terry;2018-7-7;5;kan;Közép uszkár;egészséges;1;20;foghiányos;közepes;közepes sárga fekete kék;szeret ölelni;1;1;2021-9-9;http://localhost/FKNmenhely/www_tappancs_hu/87.jpg
69;Rómeó;2019-8-13;4;szuka;Akbash;egészséges;1;5;egészséges;közepes;közepes arany rózsaszín zöld;kedves és barátságos;1;0;2021-8-14;http://localhost/FKNmenhely/www_tappancs_hu/198.jpg
70;Zorró;2020-12-25;3;szuka;Harlekin pincser;egészséges;1;20;fogszuvas;közepes;kicsi barna barna barna;köröm vágást igényel;1;0;2022-7-11;http://localhost/FKNmenhely/www_tappancs_hu/122.jpg
71;Aramis;2016-10-17;7;kan;Brazil terrier;közepes;1;17;fogszuvas;egészséges;kicsi foltos rózsaszín kék;szeret kutyakölykökkel játszani;1;1;2023-1-22;http://localhost/FKNmenhely/www_tappancs_hu/185.jpg
72;Jegecske;2016-4-17;7;szuka;Bernáthegyi;rossz;1;23;egészséges;rossz;nagy szürke rózsaszín barna;kedves és barátságos;1;1;2022-7-10;http://localhost/FKNmenhely/www_tappancs_hu/135.jpg
73;Shiva;2016-7-25;7;szuka;Drever;rossz;0;25;fogszuvas;rossz;nagy fekete vörös zöld;szeret ölelni;1;0;2022-12-28;http://localhost/FKNmenhely/www_tappancs_hu/76.jpg
74;Téra;2016-4-7;7;szuka;Perui meztelen kutya;egészséges;0;3;fogszuvas;egészséges;nagy vörös fekete barna;szeret játszani;1;0;2022-1-7;http://localhost/FKNmenhely/www_tappancs_hu/26.jpg
75;Pufók;2016-6-2;7;kan;Kyi leo;közepes;0;17;foghiányos;közepes;kicsi vörös vörös zöld;szeret nyugodtan pihenni;1;0;2022-7-4;http://localhost/FKNmenhely/www_tappancs_hu/98.jpg
76;Afton;2015-3-22;8;kan;Svájci fehér juhászkutya;rossz;0;21;fogszuvas;rossz;közepes vörös barna zöld;szeret nyugodtan pihenni;1;0;2021-10-12;http://localhost/FKNmenhely/www_tappancs_hu/97.jpg
77;Jade;2018-7-23;5;szuka;Tajvani kutya;közepes;0;20;fogszuvas;rossz;közepes szürke fekete zöld;szeret fürdeni a tóban;1;1;2022-10-7;http://localhost/FKNmenhely/www_tappancs_hu/152.jpg
78;Pufók;2020-3-9;3;kan;Berni pásztorkutya;közepes;0;4;foghiányos;közepes;nagy tigriscsíkos barna zöld;szeret kutyakölykökkel játszani;1;1;2023-2-6;http://localhost/FKNmenhely/www_tappancs_hu/0.jpg
79;Piszok;2018-3-3;5;szuka;Mopsz;rossz;0;24;foghiányos;egészséges;nagy szürke barna kék;szeret fürdeni a tóban;1;1;2023-12-23;http://localhost/FKNmenhely/www_tappancs_hu/111.jpg
80;Pajtás;2018-5-21;5;kan;Göndörszőrű retriever;rossz;0;12;foghiányos;rossz;nagy barna sötétbarna kék;bélférges;1;1;2022-3-22;http://localhost/FKNmenhely/www_tappancs_hu/199.jpg
81;Elza;2015-11-13;8;szuka;Vidrakopó;közepes;1;23;foghiányos;közepes;nagy vörös vörös zöld;imád aludni;1;1;2022-6-26;http://localhost/FKNmenhely/www_tappancs_hu/64.jpg
82;Orchidea;2019-4-24;4;szuka;Dobermann;rossz;1;8;egészséges;rossz;nagy arany barna kék;imád aludni;1;0;2023-4-17;http://localhost/FKNmenhely/www_tappancs_hu/208.jpg
83;Lilla;2019-2-22;4;kan;Castro Laboreiro-i pásztorkutya;egészséges;1;1;fogszuvas;egészséges;közepes sárga barna zöld;szeret játszani a labdával;1;1;2023-10-25;http://localhost/FKNmenhely/www_tappancs_hu/78.jpg
84;Meggi;2020-12-14;3;szuka;Cseh juhászkutya;közepes;0;21;fogszuvas;egészséges;közepes fekete vörös kék;szeret játszani;1;1;2021-4-11;http://localhost/FKNmenhely/www_tappancs_hu/210.jpg
85;Vacak;2020-9-22;3;kan;Francia vizsla;egészséges;1;24;foghiányos;közepes;nagy arany barna kék;szeret ölelni;1;1;2021-12-28;http://localhost/FKNmenhely/www_tappancs_hu/188.jpg
86;Oblix;2017-3-8;6;szuka;Alopekisz;egészséges;1;23;foghiányos;egészséges;nagy fehér rózsaszín barna;bélférges;1;0;2023-6-25;http://localhost/FKNmenhely/www_tappancs_hu/143.jpg
87;Adolf;2018-9-2;5;szuka;Hovawart;közepes;0;7;fogszuvas;rossz;közepes tigriscsíkos rózsaszín barna;több mozgást igényel;1;1;2021-5-26;http://localhost/FKNmenhely/www_tappancs_hu/157.jpg
88;Lulu;2016-9-6;7;kan;Basset hound;közepes;1;12;egészséges;közepes;közepes vörös sötétbarna barna;szeret futkosni a kertben;1;1;2021-4-9;http://localhost/FKNmenhely/www_tappancs_hu/25.jpg
89;Edward;2018-2-4;5;kan;Nagy vendée-i griffon;egészséges;0;1;foghiányos;rossz;kicsi arany sötétbarna kék;kedveli a sétákat;1;1;2023-9-27;http://localhost/FKNmenhely/www_tappancs_hu/92.jpg
90;Suzy;2016-7-21;7;kan;Kis oroszlánkutya;közepes;1;17;fogszuvas;közepes;közepes tigriscsíkos sötétbarna barna;szeret sétálni a parkban;1;0;2021-1-26;http://localhost/FKNmenhely/www_tappancs_hu/119.jpg
91;Narancs;2018-5-16;5;szuka;Mexikói meztelen kutya;közepes;1;13;fogszuvas;rossz;kicsi fehér vörös zöld;szeret labdázni;1;0;2023-10-16;http://localhost/FKNmenhely/www_tappancs_hu/117.jpg
92;Rézi;2019-3-28;4;szuka;Fríz vízikutya;rossz;0;13;fogszuvas;rossz;nagy barna barna kék;szeret kutyakölykökkel játszani;1;1;2022-8-26;http://localhost/FKNmenhely/www_tappancs_hu/38.jpg
93;Zafira;2015-1-9;8;szuka;Whippet;közepes;1;1;foghiányos;rossz;kicsi foltos rózsaszín kék;szeret úszni;1;0;2021-11-13;http://localhost/FKNmenhely/www_tappancs_hu/32.jpg
94;Alfonz;2016-9-26;7;szuka;Rottweiler;egészséges;1;21;fogszuvas;rossz;nagy barna fekete zöld;szeret az ablakban ülni;1;1;2021-4-13;http://localhost/FKNmenhely/www_tappancs_hu/107.jpg
95;Jorgosz;2015-5-19;8;szuka;Blue lacy;egészséges;0;17;fogszuvas;rossz;nagy tigriscsíkos sötétbarna zöld;szeret fürdeni a tóban;1;0;2022-10-4;http://localhost/FKNmenhely/www_tappancs_hu/124.jpg
96;Panka;2017-8-12;6;szuka;Tajvani kutya;rossz;1;15;fogszuvas;egészséges;közepes szürke barna zöld;szeret játszani a labdával;1;0;2021-8-11;http://localhost/FKNmenhely/www_tappancs_hu/201.jpg
97;Meggi;2020-3-12;3;szuka;Finn spicc;közepes;0;17;egészséges;egészséges;nagy arany sötétbarna barna;bélférges;1;1;2021-3-15;http://localhost/FKNmenhely/www_tappancs_hu/53.jpg
98;Zorró;2015-2-22;8;szuka;Pireneusi francia vizsla;egészséges;1;16;foghiányos;közepes;kicsi szürke fekete kék;szeret ölelni;1;1;2022-10-22;http://localhost/FKNmenhely/www_tappancs_hu/169.jpg
99;Károly;2020-11-15;3;kan;Brazil kopó;egészséges;0;4;egészséges;közepes;nagy fehér vörös kék;szeret az ablakban ülni;1;0;2021-8-5;http://localhost/FKNmenhely/www_tappancs_hu/38.jpg
100;Sakál;2019-10-11;4;szuka;Pekingi palotakutya;egészséges;1;2;fogszuvas;egészséges;közepes arany barna barna;bélférges;1;1;2023-1-26;http://localhost/FKNmenhely/www_tappancs_hu/31.jpg
101;Keisha;2018-1-27;5;kan;Rövidszőrű isztriai kopó;egészséges;1;6;egészséges;közepes;nagy szürke rózsaszín zöld;szeret labdázni;1;0;2023-5-18;http://localhost/FKNmenhely/www_tappancs_hu/149.jpg
102;Rea;2016-11-24;7;kan;Drótszőrű német vizsla;közepes;0;9;fogszuvas;egészséges;nagy fekete sötétbarna kék;bélférges;1;0;2023-5-21;http://localhost/FKNmenhely/www_tappancs_hu/193.jpg
103;Beethoven;2016-12-15;7;szuka;Pekingi palotakutya;egészséges;0;10;foghiányos;egészséges;közepes tigriscsíkos sötétbarna barna;bélférges;1;0;2021-9-15;http://localhost/FKNmenhely/www_tappancs_hu/181.jpg
104;Csibész;2017-6-8;6;szuka;Mudi;egészséges;0;1;egészséges;egészséges;kicsi arany rózsaszín kék;szeret játszani;1;1;2023-9-15;http://localhost/FKNmenhely/www_tappancs_hu/115.jpg
105;Elvis;2019-8-15;4;szuka;Atlaszi hegyikutya;egészséges;1;14;foghiányos;egészséges;kicsi tigriscsíkos fekete kék;imád aludni;1;1;2021-3-13;http://localhost/FKNmenhely/www_tappancs_hu/121.jpg
106;Karesz;2016-3-24;7;szuka;Angol rókakopó;egészséges;1;10;egészséges;közepes;nagy barna vörös barna;szeret játszani;1;0;2022-11-1;http://localhost/FKNmenhely/www_tappancs_hu/60.jpg
107;Pénzecske;2015-8-1;8;kan;Nivernais-i griffon;közepes;0;1;foghiányos;egészséges;közepes tigriscsíkos vörös barna;szeret ölelni;1;0;2023-9-25;http://localhost/FKNmenhely/www_tappancs_hu/144.jpg
108;Anasztázia;2018-2-28;5;szuka;Kis schwyzi kopó;közepes;1;26;foghiányos;rossz;nagy szürke vörös kék;szeret futkosni a kertben;1;1;2023-2-13;http://localhost/FKNmenhely/www_tappancs_hu/56.jpg
109;Rénó;2019-11-7;4;szuka;Nápolyi masztiff;egészséges;0;30;egészséges;egészséges;kicsi foltos fekete kék;szeret futkosni a kertben;1;0;2021-7-11;http://localhost/FKNmenhely/www_tappancs_hu/197.jpg
110;Gerry;2018-6-6;5;kan;Welsh springer spániel;egészséges;0;23;foghiányos;egészséges;közepes foltos sötétbarna kék;kedves és barátságos;1;1;2023-11-18;http://localhost/FKNmenhely/www_tappancs_hu/50.jpg
111;Zorró;2015-12-22;8;szuka;Hertha pointer;rossz;1;14;fogszuvas;közepes;közepes arany sötétbarna barna;szeret játszani a labdával;1;1;2023-8-11;http://localhost/FKNmenhely/www_tappancs_hu/196.jpg
112;Károly;2019-11-7;4;szuka;Billy;egészséges;1;21;egészséges;rossz;nagy arany vörös barna;szeret játszani;1;0;2021-2-9;http://localhost/FKNmenhely/www_tappancs_hu/53.jpg
113;Zizi;2015-6-17;8;kan;Félhosszúszőrű pireneusi juhászkutya;közepes;1;15;foghiányos;közepes;kicsi fekete rózsaszín barna;szeret labdázni;1;1;2021-1-9;http://localhost/FKNmenhely/www_tappancs_hu/197.jpg
114;Félix;2018-7-19;5;kan;Pekingi palotakutya;egészséges;0;7;fogszuvas;egészséges;közepes sárga sötétbarna kék;szeret fürdeni a tóban;1;1;2021-4-14;http://localhost/FKNmenhely/www_tappancs_hu/58.jpg
115;Horka;2018-9-2;5;kan;Poitevin;közepes;0;16;fogszuvas;egészséges;közepes barna sötétbarna zöld;szeret nyugodtan pihenni;1;0;2021-7-15;http://localhost/FKNmenhely/www_tappancs_hu/89.jpg
116;Léda;2020-7-24;3;szuka;Soft coated wheaten terrier;rossz;1;9;fogszuvas;közepes;nagy szürke sötétbarna zöld;szeret fürdeni a tóban;1;0;2023-1-27;http://localhost/FKNmenhely/www_tappancs_hu/21.jpg
117;Gombi;2017-2-14;6;szuka;Szálkásszőrű német vizsla;közepes;1;18;egészséges;közepes;nagy foltos rózsaszín kék;szeret úszni;1;1;2021-5-24;http://localhost/FKNmenhely/www_tappancs_hu/210.jpg
118;Dingó;2018-6-9;5;kan;Finn spicc;rossz;0;3;fogszuvas;egészséges;közepes tigriscsíkos fekete kék;szeret nyugodtan pihenni;1;1;2022-7-27;http://localhost/FKNmenhely/www_tappancs_hu/113.jpg
119;Lehár;2015-10-23;8;szuka;Pikárdiai juhászkutya;közepes;1;29;egészséges;közepes;kicsi szürke fekete kék;szeret nyugodtan pihenni;1;1;2023-3-16;http://localhost/FKNmenhely/www_tappancs_hu/191.jpg
120;Rejtély;2015-2-14;8;kan;Angol bulldog;közepes;0;30;fogszuvas;egészséges;kicsi fekete rózsaszín zöld;kedves és barátságos;1;1;2022-11-18;http://localhost/FKNmenhely/www_tappancs_hu/158.jpg
121;Fabula;2019-12-7;4;szuka;Lapp pásztorkutya;egészséges;1;23;fogszuvas;közepes;közepes tigriscsíkos barna zöld;szeret fürdeni a tóban;1;0;2023-9-25;http://localhost/FKNmenhely/www_tappancs_hu/86.jpg
122;Vadóc;2020-3-15;3;szuka;Glen of Imaal terrier;rossz;1;17;egészséges;egészséges;közepes foltos fekete zöld;be van gyulladva a füle;1;0;2021-8-22;http://localhost/FKNmenhely/www_tappancs_hu/40.jpg
123;Jázmina;2018-7-7;5;kan;Bergamói juhászkutya;rossz;0;15;fogszuvas;egészséges;kicsi foltos fekete barna;szeret futkosni a kertben;1;0;2023-1-15;http://localhost/FKNmenhely/www_tappancs_hu/99.jpg
124;Félix;2020-10-21;3;szuka;Gascogne-i kék basset;rossz;0;14;foghiányos;egészséges;kicsi tigriscsíkos barna barna;szeret kutyakölykökkel játszani;1;0;2022-3-23;http://localhost/FKNmenhely/www_tappancs_hu/176.jpg
125;Gigi;2020-6-5;3;szuka;Blue lacy;egészséges;0;30;foghiányos;rossz;kicsi sárga sötétbarna zöld;szeret ölelni;1;0;2023-4-11;http://localhost/FKNmenhely/www_tappancs_hu/3.jpg
126;Kloé;2017-7-2;6;szuka;Akita inu;egészséges;1;21;egészséges;egészséges;kicsi arany barna kék;szeret nyugodtan pihenni;1;1;2022-5-12;http://localhost/FKNmenhely/www_tappancs_hu/131.jpg
127;Ibis;2020-8-18;3;kan;Angol cocker spániel;egészséges;0;3;fogszuvas;közepes;közepes vörös vörös zöld;kedves és barátságos;1;0;2022-11-21;http://localhost/FKNmenhely/www_tappancs_hu/170.jpg
128;Ballu;2015-6-22;8;kan;Drótszőrű foxterrier;rossz;1;6;egészséges;egészséges;nagy fehér fekete zöld;kedveli a sétákat;1;0;2022-4-17;http://localhost/FKNmenhely/www_tappancs_hu/194.jpg
129;Rex;2016-6-27;7;szuka;Ausztrál pásztorkutya;rossz;1;23;egészséges;rossz;közepes foltos vörös barna;kedves és barátságos;1;0;2022-1-13;http://localhost/FKNmenhely/www_tappancs_hu/156.jpg
130;Orchidea;2016-9-26;7;kan;Kárpáti pásztorkutya;egészséges;1;17;fogszuvas;rossz;nagy sárga vörös kék;szeret futkosni a kertben;1;0;2022-6-16;http://localhost/FKNmenhely/www_tappancs_hu/6.jpg
131;Lasszó;2018-6-15;5;szuka;Afgán agár;közepes;0;7;foghiányos;közepes;kicsi barna vörös zöld;be van gyulladva a füle;1;0;2023-7-27;http://localhost/FKNmenhely/www_tappancs_hu/66.jpg
132;Rézi;2016-6-19;7;szuka;Breton spániel;rossz;0;20;foghiányos;közepes;kicsi vörös fekete kék;szeret játszani a labdával;1;0;2023-4-24;http://localhost/FKNmenhely/www_tappancs_hu/9.jpg
133;Lolka;2019-5-22;4;szuka;Hamilton-kopó;közepes;1;6;egészséges;közepes;közepes foltos barna kék;szeret játszani a labdával;1;0;2022-7-14;http://localhost/FKNmenhely/www_tappancs_hu/144.jpg
134;Adél;2015-8-19;8;kan;Kras-medencei juhászkutya;rossz;1;2;egészséges;közepes;közepes vörös sötétbarna kék;szeret játszani a labdával;1;1;2021-1-8;http://localhost/FKNmenhely/www_tappancs_hu/90.jpg
135;Shiva;2017-7-3;6;kan;Ausztrál csonkafarkú pásztorkutya;közepes;1;1;fogszuvas;közepes;nagy tigriscsíkos rózsaszín barna;több mozgást igényel;1;1;2023-11-22;http://localhost/FKNmenhely/www_tappancs_hu/186.jpg
136;Charlie;2017-9-26;6;kan;Sinka;közepes;1;20;egészséges;rossz;nagy sárga vörös kék;szeret játszani a labdával;1;0;2023-10-11;http://localhost/FKNmenhely/www_tappancs_hu/209.jpg
137;Lewis;2016-6-19;7;kan;Kis münsterlandi vizsla;közepes;0;23;foghiányos;rossz;nagy barna rózsaszín barna;szeret kutyakölykökkel játszani;1;1;2023-2-21;http://localhost/FKNmenhely/www_tappancs_hu/15.jpg
138;Héra;2016-8-25;7;szuka;Rövidszőrű német vizsla;egészséges;0;20;foghiányos;egészséges;nagy tigriscsíkos fekete barna;szeret úszni;1;0;2021-9-5;http://localhost/FKNmenhely/www_tappancs_hu/118.jpg
139;Parádé;2020-7-4;3;szuka;Ardenneki pásztorkutya;közepes;1;4;egészséges;közepes;kicsi foltos vörös zöld;kedves és barátságos;1;1;2023-3-10;http://localhost/FKNmenhely/www_tappancs_hu/72.jpg
140;Adél;2016-3-16;7;szuka;Coton de tuléar;rossz;1;29;egészséges;egészséges;közepes fekete fekete barna;szeret ölelni;1;0;2021-10-15;http://localhost/FKNmenhely/www_tappancs_hu/176.jpg
141;Orlando;2018-2-6;5;kan;Silken Windhound;közepes;1;2;egészséges;egészséges;nagy vörös sötétbarna kék;szeret futkosni a kertben;1;1;2023-12-21;http://localhost/FKNmenhely/www_tappancs_hu/184.jpg
142;Csülök;2019-8-10;4;kan;Tacskó;rossz;1;7;fogszuvas;rossz;közepes fehér barna zöld;szeret úszni;1;1;2023-6-8;http://localhost/FKNmenhely/www_tappancs_hu/120.jpg
143;Nyikita;2018-2-11;5;kan;Holland smoushond;rossz;1;10;fogszuvas;egészséges;kicsi tigriscsíkos vörös barna;szeret úszni;1;0;2022-9-18;http://localhost/FKNmenhely/www_tappancs_hu/132.jpg
144;Keksz;2019-12-8;4;szuka;Vizsla;rossz;1;26;fogszuvas;egészséges;közepes szürke vörös zöld;több mozgást igényel;1;1;2022-5-15;http://localhost/FKNmenhely/www_tappancs_hu/150.jpg
145;Lucy;2020-10-11;3;kan;Longdog;közepes;1;30;foghiányos;rossz;nagy sárga sötétbarna kék;szeret úszni;1;0;2023-9-2;http://localhost/FKNmenhely/www_tappancs_hu/28.jpg
146;Lasszó;2018-9-14;5;kan;Szíriai pásztorkutya;rossz;0;24;foghiányos;egészséges;nagy sárga barna zöld;szeret játszani a labdával;1;0;2022-12-7;http://localhost/FKNmenhely/www_tappancs_hu/144.jpg
147;Bözsi;2020-3-13;3;szuka;Drótszőrű magyar vizsla;közepes;0;27;egészséges;egészséges;nagy sárga rózsaszín barna;imád aludni;1;1;2021-10-12;http://localhost/FKNmenhely/www_tappancs_hu/159.jpg
148;Don;2017-12-1;6;szuka;Bullmasztiff;rossz;0;18;fogszuvas;közepes;nagy szürke rózsaszín kék;szeret játszani;1;1;2021-11-14;http://localhost/FKNmenhely/www_tappancs_hu/26.jpg
149;Vadóc;2018-7-17;5;szuka;Bearded collie;rossz;1;9;fogszuvas;közepes;nagy szürke vörös barna;szeret nyugodtan pihenni;1;0;2022-12-2;http://localhost/FKNmenhely/www_tappancs_hu/31.jpg
150;Lexi;2015-12-1;8;kan;Schapendoes;közepes;0;17;foghiányos;rossz;közepes arany rózsaszín zöld;köröm vágást igényel;1;0;2021-8-25;http://localhost/FKNmenhely/www_tappancs_hu/0.jpg
151;Csöpi;2018-11-10;5;kan;Rövidszőrű magyar vizsla;rossz;1;16;foghiányos;közepes;közepes tigriscsíkos sötétbarna zöld;szeret az ablakban ülni;1;1;2022-9-3;http://localhost/FKNmenhely/www_tappancs_hu/8.jpg
152;Müzli;2018-7-1;5;kan;Amerikai cocker spániel;rossz;0;24;fogszuvas;egészséges;nagy foltos vörös kék;imád aludni;1;0;2023-3-26;http://localhost/FKNmenhely/www_tappancs_hu/168.jpg
153;Lassie;2015-8-7;8;szuka;Bretagne-i cserszínű griffon;rossz;1;8;foghiányos;rossz;kicsi vörös sötétbarna barna;szeret az ablakban ülni;1;0;2023-2-3;http://localhost/FKNmenhely/www_tappancs_hu/45.jpg
154;Kuku;2017-8-10;6;szuka;Dalmata;közepes;0;7;egészséges;egészséges;kicsi szürke barna kék;kedves és barátságos;1;0;2023-2-23;http://localhost/FKNmenhely/www_tappancs_hu/138.jpg
155;Limbó;2018-5-7;5;kan;Ausztrál selyemszőrű terrier;közepes;1;20;foghiányos;közepes;nagy fekete rózsaszín barna;szeret sétálni a parkban;1;1;2023-6-22;http://localhost/FKNmenhely/www_tappancs_hu/23.jpg
156;Mancs;2017-6-12;6;szuka;Félhosszúszőrű pireneusi juhászkutya;közepes;0;4;egészséges;egészséges;nagy barna vörös zöld;szeret labdázni;1;1;2022-2-5;http://localhost/FKNmenhely/www_tappancs_hu/126.jpg
157;Elza;2018-3-4;5;kan;Trikolor francia kopó;rossz;0;8;fogszuvas;rossz;kicsi szürke barna barna;több mozgást igényel;1;1;2021-4-28;http://localhost/FKNmenhely/www_tappancs_hu/174.jpg
158;Zeusz;2015-6-15;8;szuka;Mudi;közepes;0;22;foghiányos;rossz;közepes fekete rózsaszín barna;szeret úszni;1;1;2021-11-26;http://localhost/FKNmenhely/www_tappancs_hu/147.jpg
159;Elíz;2018-6-11;5;szuka;Akita inu;egészséges;1;10;foghiányos;egészséges;kicsi arany fekete zöld;kedveli a sétákat;1;0;2022-10-23;http://localhost/FKNmenhely/www_tappancs_hu/104.jpg
160;Molly;2016-12-6;7;kan;Lhasa apso;rossz;0;20;fogszuvas;közepes;közepes foltos vörös barna;szeret fürdeni a tóban;1;1;2022-4-24;http://localhost/FKNmenhely/www_tappancs_hu/72.jpg
161;Keiko;2020-5-15;3;szuka;Angol cocker spániel;egészséges;0;23;foghiányos;rossz;közepes vörös vörös barna;kedveli a sétákat;1;1;2021-3-2;http://localhost/FKNmenhely/www_tappancs_hu/135.jpg
162;Izabell;2020-4-9;3;kan;Lengyel vadászkutya;egészséges;1;28;foghiányos;egészséges;kicsi foltos barna zöld;szeret játszani;1;1;2023-8-12;http://localhost/FKNmenhely/www_tappancs_hu/205.jpg
163;Smokie;2019-2-4;4;szuka;Uszkár;egészséges;1;9;fogszuvas;egészséges;közepes fehér fekete kék;szeret futkosni a kertben;1;1;2022-12-18;http://localhost/FKNmenhely/www_tappancs_hu/1.jpg
164;Jasper;2017-3-10;6;kan;Tornjak;egészséges;1;11;fogszuvas;rossz;közepes sárga barna kék;szeret labdázni;1;1;2023-10-8;http://localhost/FKNmenhely/www_tappancs_hu/184.jpg
165;Emil;2018-6-27;5;kan;Simaszőrű retriever;egészséges;1;5;fogszuvas;közepes;kicsi barna vörös zöld;szeret az ablakban ülni;1;0;2022-3-24;http://localhost/FKNmenhely/www_tappancs_hu/75.jpg
166;Iván;2020-7-20;3;szuka;Német spicc;rossz;1;17;fogszuvas;egészséges;közepes fehér barna barna;kedves és barátságos;1;0;2021-12-9;http://localhost/FKNmenhely/www_tappancs_hu/106.jpg
167;Limbó;2019-2-15;4;kan;Kishu ken;egészséges;0;19;fogszuvas;egészséges;nagy arany rózsaszín zöld;bélférges;1;1;2021-6-12;http://localhost/FKNmenhely/www_tappancs_hu/68.jpg
168;Zorró;2015-1-2;8;szuka;King Charles spániel;egészséges;1;25;egészséges;rossz;nagy fekete rózsaszín barna;szeret nyugodtan pihenni;1;1;2023-8-15;http://localhost/FKNmenhely/www_tappancs_hu/110.jpg
169;Furby;2018-9-20;5;kan;Szlovák kopó;egészséges;1;2;fogszuvas;egészséges;közepes barna sötétbarna zöld;szeret futkosni a kertben;1;1;2023-4-23;http://localhost/FKNmenhely/www_tappancs_hu/78.jpg
170;Jet;2017-7-13;6;kan;Blue lacy;közepes;1;16;foghiányos;közepes;nagy tigriscsíkos barna barna;szeret fürdeni a tóban;1;1;2023-9-27;http://localhost/FKNmenhely/www_tappancs_hu/148.jpg
171;Lili;2016-4-17;7;szuka;Norrbotteni spicc;egészséges;0;30;fogszuvas;egészséges;közepes szürke vörös kék;kedveli a sétákat;1;0;2023-9-7;http://localhost/FKNmenhely/www_tappancs_hu/123.jpg
172;Jerry;2018-10-8;5;szuka;Drótszőrű griffon;rossz;1;30;egészséges;egészséges;nagy arany rózsaszín zöld;szeret játszani;1;1;2022-10-15;http://localhost/FKNmenhely/www_tappancs_hu/200.jpg
173;Ollé;2019-11-19;4;szuka;Lurcher;egészséges;0;19;fogszuvas;közepes;kicsi foltos vörös kék;szeret nyugodtan pihenni;1;1;2022-7-14;http://localhost/FKNmenhely/www_tappancs_hu/147.jpg
174;Ajax;2015-11-5;8;szuka;Pireneusi masztiff;közepes;1;4;egészséges;közepes;közepes foltos fekete barna;szeret nyugodtan pihenni;1;1;2023-8-22;http://localhost/FKNmenhely/www_tappancs_hu/100.jpg
175;Lehár;2017-2-5;6;szuka;Spanyol masztiff;rossz;1;27;foghiányos;közepes;nagy sárga barna kék;szeret sétálni a parkban;1;1;2022-12-21;http://localhost/FKNmenhely/www_tappancs_hu/59.jpg
176;Shiva;2019-9-23;4;szuka;Hahoawu;rossz;1;15;foghiányos;egészséges;kicsi vörös fekete barna;szeret úszni;1;1;2023-10-11;http://localhost/FKNmenhely/www_tappancs_hu/22.jpg
177;Zsozsó;2017-3-27;6;kan;Castro Laboreiro-i pásztorkutya;rossz;0;6;egészséges;egészséges;nagy sárga rózsaszín barna;be van gyulladva a füle;1;1;2022-9-11;http://localhost/FKNmenhely/www_tappancs_hu/121.jpg
178;Charlie;2017-11-5;6;kan;Welsh corgi;egészséges;0;7;fogszuvas;közepes;közepes arany barna barna;kedves és barátságos;1;1;2023-1-21;http://localhost/FKNmenhely/www_tappancs_hu/39.jpg
179;Fifi;2019-10-24;4;kan;Olasz volpino;rossz;0;1;egészséges;közepes;közepes szürke rózsaszín barna;szeret fürdeni a tóban;1;0;2022-6-5;http://localhost/FKNmenhely/www_tappancs_hu/121.jpg
180;Lassie;2016-6-21;7;szuka;Portugál juhászkutya;rossz;1;6;fogszuvas;egészséges;kicsi tigriscsíkos sötétbarna barna;imád aludni;1;1;2023-12-13;http://localhost/FKNmenhely/www_tappancs_hu/101.jpg
181;Kai;2018-6-24;5;szuka;West highland white terrier;közepes;1;19;egészséges;közepes;kicsi barna vörös kék;szeret játszani a labdával;1;0;2022-9-4;http://localhost/FKNmenhely/www_tappancs_hu/138.jpg
182;Askim;2020-12-5;3;szuka;Pikárdiai juhászkutya;közepes;1;8;fogszuvas;rossz;közepes foltos vörös kék;szeret játszani;1;0;2021-12-6;http://localhost/FKNmenhely/www_tappancs_hu/43.jpg
183;Zsüti;2019-9-24;4;szuka;Vendée-i griffon basset;közepes;1;10;fogszuvas;közepes;kicsi arany fekete kék;bélférges;1;0;2022-4-12;http://localhost/FKNmenhely/www_tappancs_hu/152.jpg
184;Gringó;2016-9-7;7;kan;Berni kopó;rossz;1;15;egészséges;egészséges;nagy tigriscsíkos sötétbarna zöld;kedveli a sétákat;1;0;2023-11-11;http://localhost/FKNmenhely/www_tappancs_hu/153.jpg
185;Bajnok;2015-9-17;8;szuka;Bernáthegyi;egészséges;1;15;foghiányos;közepes;nagy fehér barna barna;köröm vágást igényel;1;0;2021-9-11;http://localhost/FKNmenhely/www_tappancs_hu/198.jpg
186;Gombi;2015-11-23;8;szuka;Nápolyi masztiff;rossz;1;1;fogszuvas;rossz;kicsi barna vörös barna;szeret játszani;1;1;2021-8-12;http://localhost/FKNmenhely/www_tappancs_hu/83.jpg
187;Pénzecske;2017-3-12;6;szuka;Schipperke;egészséges;0;27;fogszuvas;közepes;közepes fekete fekete zöld;szeret ölelni;1;0;2021-1-28;http://localhost/FKNmenhely/www_tappancs_hu/31.jpg
188;Vanília;2018-12-4;5;szuka;Cseh juhászkutya;rossz;0;15;egészséges;rossz;nagy szürke sötétbarna barna;bélférges;1;1;2021-11-13;http://localhost/FKNmenhely/www_tappancs_hu/141.jpg
189;Smokie;2018-11-22;5;szuka;Hokkaido inu;egészséges;1;14;fogszuvas;rossz;kicsi foltos sötétbarna barna;köröm vágást igényel;1;0;2022-8-7;http://localhost/FKNmenhely/www_tappancs_hu/47.jpg
190;Ollé;2016-9-25;7;kan;Kis luzerni kopó;rossz;1;6;fogszuvas;közepes;közepes szürke vörös barna;kedves és barátságos;1;1;2022-3-2;http://localhost/FKNmenhely/www_tappancs_hu/177.jpg
191;Fickel;2017-8-19;6;kan;Kis vendée-i griffon basset;egészséges;1;25;egészséges;közepes;kicsi vörös fekete barna;kedves és barátságos;1;1;2023-3-13;http://localhost/FKNmenhely/www_tappancs_hu/51.jpg
192;Ursula;2017-10-24;6;szuka;Kooikerhondje;rossz;0;14;foghiányos;közepes;kicsi tigriscsíkos fekete kék;szeret játszani;1;1;2021-1-22;http://localhost/FKNmenhely/www_tappancs_hu/88.jpg
193;Milli;2020-6-9;3;kan;Rhodesian ridgeback (Afrikai oroszlánkutya);rossz;1;5;foghiányos;egészséges;kicsi arany sötétbarna zöld;szeret játszani a labdával;1;1;2021-3-1;http://localhost/FKNmenhely/www_tappancs_hu/27.jpg
194;Sátán;2016-1-1;7;szuka;Arab agár;rossz;1;1;fogszuvas;rossz;kicsi sárga rózsaszín barna;kedves és barátságos;1;0;2023-5-1;http://localhost/FKNmenhely/www_tappancs_hu/94.jpg
195;Jasper;2016-11-1;7;kan;Amerikai cocker spániel;közepes;0;18;fogszuvas;közepes;közepes sárga sötétbarna kék;köröm vágást igényel;1;1;2023-9-15;http://localhost/FKNmenhely/www_tappancs_hu/30.jpg
196;Nessy;2017-5-25;6;szuka;Ír farkaskutya;rossz;0;6;fogszuvas;közepes;nagy sárga rózsaszín zöld;szeret fürdeni a tóban;1;1;2023-1-18;http://localhost/FKNmenhely/www_tappancs_hu/22.jpg
197;Adél;2017-7-27;6;szuka;Angol rókakopó;egészséges;1;19;egészséges;egészséges;kicsi sárga fekete zöld;több mozgást igényel;1;0;2021-11-21;http://localhost/FKNmenhely/www_tappancs_hu/137.jpg
198;Adolf;2015-10-25;8;kan;Szerb trikolor kopó;egészséges;0;28;foghiányos;egészséges;kicsi foltos barna kék;szeret labdázni;1;1;2021-4-18;http://localhost/FKNmenhely/www_tappancs_hu/94.jpg
199;Lili;2020-7-2;3;szuka;Münsterlandi vizsla;egészséges;0;29;egészséges;rossz;nagy tigriscsíkos barna barna;be van gyulladva a füle;1;1;2023-12-2;http://localhost/FKNmenhely/www_tappancs_hu/86.jpg
200;Izabell;2016-8-4;7;kan;Göndörszőrű retriever;közepes;0;17;foghiányos;egészséges;közepes sárga barna kék;több mozgást igényel;1;0;2023-1-17;http://localhost/FKNmenhely/www_tappancs_hu/8.jpg
201;Bohém;2020-12-23;3;szuka;Amerikai rókakopó;egészséges;0;28;fogszuvas;egészséges;nagy vörös vörös barna;imád aludni;1;1;2021-6-1;http://localhost/FKNmenhely/www_tappancs_hu/145.jpg
202;Dean;2017-4-9;6;szuka;Szamojéd;egészséges;1;30;foghiányos;közepes;nagy tigriscsíkos fekete kék;kedves és barátságos;1;1;2022-10-27;http://localhost/FKNmenhely/www_tappancs_hu/118.jpg
203;Ofra;2018-11-22;5;szuka;Kunming kutya;közepes;0;3;fogszuvas;egészséges;kicsi foltos rózsaszín kék;szeret fürdeni a tóban;1;1;2021-2-14;http://localhost/FKNmenhely/www_tappancs_hu/166.jpg
204;Sonny;2017-11-22;6;szuka;Szerb kopó;közepes;0;22;egészséges;közepes;kicsi szürke vörös kék;imád aludni;1;1;2022-9-2;http://localhost/FKNmenhely/www_tappancs_hu/54.jpg
205;Killer;2015-9-4;8;kan;Glen of Imaal terrier;közepes;1;10;foghiányos;egészséges;kicsi szürke fekete kék;imád aludni;1;0;2023-4-22;http://localhost/FKNmenhely/www_tappancs_hu/117.jpg
206;Kaarjack;2015-9-21;8;kan;Altdeutscher Hütehunde;rossz;0;29;egészséges;egészséges;kicsi foltos barna barna;szeret nyugodtan pihenni;1;0;2023-7-20;http://localhost/FKNmenhely/www_tappancs_hu/209.jpg
207;Ajax;2017-10-24;6;kan;Tacskó;közepes;0;5;egészséges;rossz;közepes fekete rózsaszín kék;szeret úszni;1;0;2021-5-26;http://localhost/FKNmenhely/www_tappancs_hu/11.jpg
208;Gerry;2017-11-6;6;szuka;Máltai selyemkutya;rossz;0;5;fogszuvas;rossz;kicsi fehér fekete barna;bélférges;1;1;2022-2-5;http://localhost/FKNmenhely/www_tappancs_hu/64.jpg
209;Vénusz;2016-4-6;7;kan;Szíriai pásztorkutya;egészséges;1;4;foghiányos;közepes;nagy sárga fekete barna;szeret labdázni;1;0;2021-5-23;http://localhost/FKNmenhely/www_tappancs_hu/202.jpg
210;Sonny;2019-2-16;4;szuka;Wetterhoun;közepes;1;20;egészséges;közepes;kicsi fehér fekete zöld;szeret sétálni a parkban;1;0;2022-7-5;http://localhost/FKNmenhely/www_tappancs_hu/79.jpg
211;Pisze;2018-1-11;5;kan;Kelet-szibériai lajka;rossz;1;26;egészséges;egészséges;kicsi arany rózsaszín barna;köröm vágást igényel;1;0;2021-12-26;http://localhost/FKNmenhely/www_tappancs_hu/47.jpg
212;Luigi;2017-8-5;6;szuka;Finn kopó;rossz;1;27;foghiányos;egészséges;nagy sárga fekete kék;szeret fürdeni a tóban;1;0;2021-11-21;http://localhost/FKNmenhely/www_tappancs_hu/170.jpg
213;Pandúr;2019-5-7;4;kan;Portugál vizsla;rossz;1;18;egészséges;rossz;közepes szürke rózsaszín barna;kedveli a sétákat;1;0;2022-1-24;http://localhost/FKNmenhely/www_tappancs_hu/161.jpg
214;Bütyök;2016-5-5;7;kan;Bichon bolognese;közepes;0;13;foghiányos;közepes;kicsi foltos sötétbarna kék;szeret futkosni a kertben;1;0;2021-3-27;http://localhost/FKNmenhely/www_tappancs_hu/28.jpg
215;Leó;2015-2-8;8;szuka;Biewer yorkshire terrier;egészséges;0;4;fogszuvas;rossz;közepes foltos vörös barna;szeret sétálni a parkban;1;0;2023-3-12;http://localhost/FKNmenhely/www_tappancs_hu/114.jpg
216;Lucy;2020-3-2;3;szuka;Belga vizsla;rossz;1;15;egészséges;közepes;nagy fekete rózsaszín kék;imád aludni;1;0;2021-4-6;http://localhost/FKNmenhely/www_tappancs_hu/38.jpg
217;Lucy;2015-5-1;8;szuka;Kis gascogne-i kék kopó;rossz;1;9;foghiányos;rossz;kicsi fehér vörös kék;szeret futkosni a kertben;1;1;2023-11-3;http://localhost/FKNmenhely/www_tappancs_hu/197.jpg
218;Jorgosz;2015-10-3;8;kan;Kanári-szigeteki kopó;közepes;0;29;foghiányos;rossz;közepes fekete rózsaszín zöld;több mozgást igényel;1;1;2023-8-22;http://localhost/FKNmenhely/www_tappancs_hu/0.jpg
219;Elíz;2020-8-2;3;szuka;Olasz volpino;egészséges;1;4;foghiányos;rossz;nagy tigriscsíkos rózsaszín barna;szeret az ablakban ülni;1;1;2023-11-4;http://localhost/FKNmenhely/www_tappancs_hu/92.jpg
220;Luigi;2016-7-7;7;kan;Kárpáti pásztorkutya;rossz;1;15;egészséges;egészséges;nagy arany fekete zöld;több mozgást igényel;1;0;2022-3-1;http://localhost/FKNmenhely/www_tappancs_hu/152.jpg
221;Parádé;2019-4-12;4;kan;Szetter;rossz;0;17;egészséges;közepes;közepes arany vörös barna;kedveli a sétákat;1;0;2021-6-21;http://localhost/FKNmenhely/www_tappancs_hu/91.jpg
222;Fifi;2017-12-2;6;szuka;Bandog;közepes;0;22;egészséges;egészséges;nagy arany barna kék;be van gyulladva a füle;1;1;2022-11-25;http://localhost/FKNmenhely/www_tappancs_hu/107.jpg
223;Kloé;2015-8-23;8;kan;Spanyol kopó;rossz;1;28;fogszuvas;közepes;nagy barna barna zöld;szeret sétálni a parkban;1;0;2022-3-21;http://localhost/FKNmenhely/www_tappancs_hu/182.jpg
224;Rinó;2015-9-11;8;kan;Azori-szigeteki kutya;közepes;0;5;fogszuvas;egészséges;kicsi szürke rózsaszín barna;szeret játszani a labdával;1;1;2021-12-13;http://localhost/FKNmenhely/www_tappancs_hu/107.jpg
225;Dean;2016-10-24;7;kan;Kis luzerni kopó;egészséges;1;21;foghiányos;közepes;nagy szürke barna barna;szeret futkosni a kertben;1;1;2023-6-5;http://localhost/FKNmenhely/www_tappancs_hu/103.jpg
226;Vitéz;2019-7-4;4;kan;Tibeti spániel;egészséges;0;5;foghiányos;közepes;közepes szürke sötétbarna zöld;szeret játszani a labdával;1;1;2021-11-18;http://localhost/FKNmenhely/www_tappancs_hu/55.jpg
227;Espresso;2016-10-16;7;kan;Mallorcai masztiff;közepes;1;7;egészséges;közepes;nagy barna barna kék;szeret sétálni a parkban;1;0;2023-5-16;http://localhost/FKNmenhely/www_tappancs_hu/208.jpg
228;Zeusz;2016-12-12;7;kan;Csehszlovák farkaskutya;közepes;1;1;foghiányos;egészséges;nagy barna sötétbarna zöld;több mozgást igényel;1;1;2021-7-14;http://localhost/FKNmenhely/www_tappancs_hu/62.jpg
229;Gringó;2019-5-25;4;kan;Hokkaido inu;egészséges;1;23;egészséges;közepes;közepes foltos barna zöld;szeret fürdeni a tóban;1;1;2021-6-25;http://localhost/FKNmenhely/www_tappancs_hu/3.jpg
230;Fickel;2019-9-4;4;kan;Dandie Dinmont-terrier;egészséges;0;17;foghiányos;közepes;közepes tigriscsíkos barna zöld;szeret futkosni a kertben;1;1;2022-1-28;http://localhost/FKNmenhely/www_tappancs_hu/110.jpg
231;Keksz;2017-3-8;6;kan;Schiller-kopó;egészséges;0;22;egészséges;közepes;nagy szürke vörös kék;kedves és barátságos;1;1;2021-6-8;http://localhost/FKNmenhely/www_tappancs_hu/120.jpg
232;Oszkár;2015-9-20;8;kan;Máltai selyemkutya;közepes;0;26;egészséges;egészséges;közepes arany vörös kék;szeret ölelni;1;0;2021-7-8;http://localhost/FKNmenhely/www_tappancs_hu/98.jpg
233;Jimmy;2017-10-15;6;szuka;Laekenois;közepes;1;4;foghiányos;rossz;kicsi foltos sötétbarna zöld;szeret fürdeni a tóban;1;0;2021-12-24;http://localhost/FKNmenhely/www_tappancs_hu/70.jpg
234;Bella;2017-12-5;6;szuka;Hovawart;közepes;0;4;egészséges;rossz;közepes fehér barna kék;szeret úszni;1;0;2021-10-27;http://localhost/FKNmenhely/www_tappancs_hu/177.jpg
235;Lexi;2020-4-20;3;kan;Fehér-cser francia kopó;rossz;0;28;foghiányos;egészséges;nagy foltos barna barna;kedveli a sétákat;1;0;2023-12-17;http://localhost/FKNmenhely/www_tappancs_hu/111.jpg
236;Cherie;2019-2-11;4;kan;Pomerániai törpespicc;rossz;0;11;foghiányos;közepes;nagy fekete fekete kék;szeret fürdeni a tóban;1;0;2021-10-21;http://localhost/FKNmenhely/www_tappancs_hu/106.jpg
237;Terry;2015-10-3;8;szuka;Lajka;közepes;0;20;foghiányos;rossz;közepes foltos sötétbarna barna;szeret futkosni a kertben;1;1;2022-9-3;http://localhost/FKNmenhely/www_tappancs_hu/161.jpg
238;Cézár;2019-6-2;4;kan;Drever;rossz;0;24;fogszuvas;közepes;kicsi foltos rózsaszín barna;szeret fürdeni a tóban;1;0;2021-8-22;http://localhost/FKNmenhely/www_tappancs_hu/57.jpg
239;Bütyök;2020-3-9;3;kan;Hamilton-kopó;egészséges;1;9;fogszuvas;rossz;nagy szürke sötétbarna kék;szeret nyugodtan pihenni;1;0;2021-8-17;http://localhost/FKNmenhely/www_tappancs_hu/203.jpg
240;Zsozsó;2015-10-4;8;kan;Akbash;rossz;0;7;fogszuvas;rossz;közepes arany barna zöld;imád aludni;1;1;2021-3-19;http://localhost/FKNmenhely/www_tappancs_hu/187.jpg
241;Bodri;2020-12-25;3;kan;Perzsa agár;közepes;1;18;fogszuvas;egészséges;nagy arany sötétbarna kék;köröm vágást igényel;1;0;2023-7-5;http://localhost/FKNmenhely/www_tappancs_hu/40.jpg
242;Nudli;2016-6-26;7;szuka;Tosza inu;közepes;0;16;fogszuvas;egészséges;kicsi szürke vörös zöld;szeret játszani;1;1;2023-1-8;http://localhost/FKNmenhely/www_tappancs_hu/96.jpg
243;Rinó;2016-10-22;7;szuka;Kánaán kutya;egészséges;0;18;foghiányos;közepes;nagy tigriscsíkos vörös barna;kedves és barátságos;1;1;2023-8-4;http://localhost/FKNmenhely/www_tappancs_hu/40.jpg
244;Dingó;2020-2-28;3;kan;Japán terrier;rossz;0;1;foghiányos;egészséges;közepes foltos vörös barna;kedveli a sétákat;1;1;2023-6-21;http://localhost/FKNmenhely/www_tappancs_hu/17.jpg
245;Bözsi;2017-7-17;6;kan;Szíriai pásztorkutya;közepes;0;27;egészséges;egészséges;nagy fekete vörös barna;imád aludni;1;0;2022-11-20;http://localhost/FKNmenhely/www_tappancs_hu/206.jpg
246;Pötyi;2016-8-26;7;kan;Óriás schnauzer;egészséges;1;22;fogszuvas;rossz;nagy arany barna barna;bélférges;1;1;2021-3-16;http://localhost/FKNmenhely/www_tappancs_hu/95.jpg
247;Neutron;2017-9-13;6;szuka;Rhodesian ridgeback (Afrikai oroszlánkutya);egészséges;0;2;fogszuvas;rossz;kicsi szürke barna zöld;szeret labdázni;1;1;2022-12-12;http://localhost/FKNmenhely/www_tappancs_hu/81.jpg
248;Gróf;2017-8-23;6;kan;Francia vizsla;egészséges;1;10;fogszuvas;egészséges;nagy sárga sötétbarna kék;szeret labdázni;1;0;2022-2-14;http://localhost/FKNmenhely/www_tappancs_hu/198.jpg
249;Gróf;2019-10-6;4;kan;Kis luzerni kopó;egészséges;0;17;foghiányos;egészséges;közepes fehér barna barna;több mozgást igényel;1;1;2023-8-10;http://localhost/FKNmenhely/www_tappancs_hu/33.jpg
