1;Lilla;2020-8-23;3;kan;Nyugat-szibériai lajka;egészséges;0;26;foghiányos;közepes;nagy fehér fekete kék;szeret ölelni;1;0;2023-12-24;http://localhost/www_tappancs_hu/107.jpg
2;Jupiter;2016-6-5;7;kan;Lengyel hegyi juhászkutya;rossz;0;14;egészséges;egészséges;nagy arany rózsaszín zöld;bélférges;1;0;2022-11-10;http://localhost/www_tappancs_hu/131.jpg
3;Pufók;2017-4-11;6;kan;Padilokoon;közepes;0;24;foghiányos;egészséges;közepes arany fekete zöld;szeret kutyakölykökkel játszani;1;0;2022-10-18;http://localhost/www_tappancs_hu/10.jpg
4;Furby;2019-9-12;4;szuka;Német pinscher;egészséges;0;3;egészséges;rossz;nagy barna barna zöld;be van gyulladva a füle;1;1;2021-3-8;http://localhost/www_tappancs_hu/33.jpg
5;Dean;2016-4-27;7;kan;Vizsla;rossz;1;11;foghiányos;rossz;közepes barna fekete zöld;szeret játszani;1;0;2021-12-23;http://localhost/www_tappancs_hu/22.jpg
6;Jasper;2019-1-22;4;kan;Finn spicc;közepes;0;26;foghiányos;közepes;közepes vörös barna kék;szeret nyugodtan pihenni;1;1;2022-5-14;http://localhost/www_tappancs_hu/116.jpg
7;Nyikita;2016-10-14;7;szuka;Angol pointer;közepes;1;14;egészséges;közepes;nagy szürke fekete kék;szeret sétálni a parkban;1;0;2022-3-6;http://localhost/www_tappancs_hu/113.jpg
8;Szultán;2019-6-22;4;kan;Spanyol masztiff;közepes;1;18;foghiányos;rossz;kicsi foltos rózsaszín barna;szeret futkosni a kertben;1;0;2021-4-28;http://localhost/www_tappancs_hu/64.jpg
9;Tofi;2018-6-14;5;szuka;Kis luzerni kopó;közepes;1;16;egészséges;rossz;nagy foltos fekete zöld;kedveli a sétákat;1;1;2021-2-25;http://localhost/www_tappancs_hu/25.jpg
10;Fickel;2018-5-17;5;szuka;Landseer;egészséges;0;6;egészséges;közepes;kicsi sárga sötétbarna kék;szeret az ablakban ülni;1;0;2023-1-14;http://localhost/www_tappancs_hu/15.jpg
11;Kai;2015-3-6;8;szuka;Svájci fehér juhászkutya;egészséges;1;16;fogszuvas;közepes;kicsi szürke vörös barna;szeret fürdeni a tóban;1;1;2023-5-2;http://localhost/www_tappancs_hu/191.jpg
12;Parádé;2020-7-25;3;szuka;Bullterrier;közepes;1;11;fogszuvas;rossz;nagy sárga rózsaszín kék;kedveli a sétákat;1;1;2023-11-10;http://localhost/www_tappancs_hu/7.jpg
13;Sátán;2017-1-27;6;kan;Olasz griffon;közepes;1;26;egészséges;rossz;kicsi foltos fekete barna;szeret futkosni a kertben;1;1;2022-12-3;http://localhost/www_tappancs_hu/171.jpg
14;Nimród;2019-6-3;4;kan;Fríz vizsla;rossz;0;15;fogszuvas;közepes;nagy foltos barna zöld;köröm vágást igényel;1;0;2023-4-28;http://localhost/www_tappancs_hu/139.jpg
15;Jasper;2018-10-16;5;szuka;Spanyol vízikutya;rossz;1;15;fogszuvas;közepes;kicsi barna sötétbarna barna;szeret nyugodtan pihenni;1;0;2023-1-7;http://localhost/www_tappancs_hu/204.jpg
16;Éva;2015-5-4;8;kan;Karéliai medvekutya;egészséges;1;13;foghiányos;közepes;nagy tigriscsíkos barna zöld;kedves és barátságos;1;1;2023-5-2;http://localhost/www_tappancs_hu/192.jpg
17;Mimi;2018-7-12;5;szuka;Pumi;rossz;0;9;egészséges;rossz;nagy vörös barna kék;szeret ölelni;1;0;2021-3-11;http://localhost/www_tappancs_hu/149.jpg
18;Pötyi;2016-4-24;7;kan;Wetterhoun;közepes;1;8;foghiányos;egészséges;kicsi sárga sötétbarna kék;szeret nyugodtan pihenni;1;1;2022-3-20;http://localhost/www_tappancs_hu/33.jpg
19;Dean;2019-11-22;4;szuka;Hosszúszőrű német vizsla;rossz;1;17;foghiányos;közepes;kicsi fekete vörös zöld;szeret játszani;1;0;2022-2-21;http://localhost/www_tappancs_hu/144.jpg
20;Ajax;2020-5-22;3;kan;Amerikai staffordshire terrier;rossz;0;7;fogszuvas;egészséges;közepes fehér fekete barna;szeret kutyakölykökkel játszani;1;0;2023-11-13;http://localhost/www_tappancs_hu/108.jpg
21;Polli;2015-6-23;8;szuka;Saint-germaini vizsla;közepes;1;3;foghiányos;egészséges;közepes fehér rózsaszín barna;imád aludni;1;0;2021-5-1;http://localhost/www_tappancs_hu/204.jpg
22;Edward;2015-2-6;8;szuka;Wetterhoun;közepes;1;23;foghiányos;rossz;közepes barna vörös barna;szeret labdázni;1;1;2023-4-11;http://localhost/www_tappancs_hu/189.jpg
23;Behemót;2020-9-27;3;szuka;Norfolk terrier;közepes;0;4;foghiányos;rossz;közepes sárga rózsaszín kék;szeret fürdeni a tóban;1;1;2023-1-23;http://localhost/www_tappancs_hu/127.jpg
24;Edith;2018-8-12;5;kan;Nagy vendée-i griffon;rossz;1;6;fogszuvas;rossz;nagy szürke fekete barna;szeret játszani a labdával;1;0;2022-6-13;http://localhost/www_tappancs_hu/201.jpg
25;Nyikita;2019-2-27;4;kan;Groenendael;közepes;1;14;foghiányos;rossz;közepes fehér barna kék;köröm vágást igényel;1;0;2023-5-8;http://localhost/www_tappancs_hu/183.jpg
26;Igric;2015-6-19;8;kan;Himalájai pásztorkutya;közepes;1;24;foghiányos;egészséges;nagy sárga barna barna;szeret labdázni;1;1;2022-6-23;http://localhost/www_tappancs_hu/4.jpg
27;Hasszán;2019-2-16;4;kan;Pumi;egészséges;0;23;egészséges;közepes;nagy tigriscsíkos vörös barna;szeret kutyakölykökkel játszani;1;1;2021-8-16;http://localhost/www_tappancs_hu/33.jpg
28;Jázmin;2019-1-18;4;kan;Brazil terrier;rossz;0;29;egészséges;rossz;kicsi foltos sötétbarna barna;szeret úszni;1;0;2022-3-20;http://localhost/www_tappancs_hu/96.jpg
29;Rolf;2019-2-3;4;szuka;Mountain cur;egészséges;0;1;foghiányos;rossz;kicsi szürke vörös barna;szeret úszni;1;0;2023-8-27;http://localhost/www_tappancs_hu/42.jpg
30;Teddy;2020-2-16;3;kan;Sinka;közepes;0;29;egészséges;rossz;nagy szürke rózsaszín zöld;szeret ölelni;1;0;2022-12-14;http://localhost/www_tappancs_hu/105.jpg
31;Leila;2016-7-23;7;kan;Alaszkai malamut;egészséges;1;25;egészséges;egészséges;kicsi arany vörös zöld;kedves és barátságos;1;0;2023-3-28;http://localhost/www_tappancs_hu/202.jpg
32;Panka;2015-8-24;8;kan;Harlekin pincser;közepes;1;2;foghiányos;közepes;közepes fekete sötétbarna zöld;szeret sétálni a parkban;1;1;2022-7-3;http://localhost/www_tappancs_hu/117.jpg
33;Espresso;2018-3-19;5;szuka;Brie-i juhászkutya;egészséges;1;6;egészséges;rossz;közepes barna rózsaszín kék;szeret labdázni;1;1;2022-11-26;http://localhost/www_tappancs_hu/12.jpg
34;Mézeske;2018-9-1;5;szuka;Óriás schnauzer;egészséges;1;16;foghiányos;közepes;kicsi fehér barna barna;köröm vágást igényel;1;0;2023-2-7;http://localhost/www_tappancs_hu/154.jpg
35;Kevin;2016-6-20;7;szuka;Cane corso;rossz;1;17;foghiányos;egészséges;közepes sárga fekete kék;szeret ölelni;1;1;2023-5-24;http://localhost/www_tappancs_hu/68.jpg
36;Mogyoró;2018-7-23;5;szuka;Francia vizsla;rossz;1;7;egészséges;rossz;kicsi vörös sötétbarna kék;szeret játszani;1;0;2023-2-11;http://localhost/www_tappancs_hu/59.jpg
37;Rénó;2015-8-2;8;szuka;Szlovák csuvacs;egészséges;0;16;fogszuvas;közepes;kicsi szürke vörös kék;több mozgást igényel;1;0;2021-5-3;http://localhost/www_tappancs_hu/164.jpg
38;Adolf;2020-7-14;3;kan;Mallorcai pásztorkutya;közepes;1;20;egészséges;közepes;kicsi sárga rózsaszín barna;szeret kutyakölykökkel játszani;1;1;2023-9-1;http://localhost/www_tappancs_hu/76.jpg
39;Pufók;2017-10-17;6;szuka;Mudi;közepes;1;26;foghiányos;egészséges;nagy barna sötétbarna zöld;szeret kutyakölykökkel játszani;1;1;2023-8-5;http://localhost/www_tappancs_hu/66.jpg
40;Amaya;2015-7-14;8;szuka;Finn lapphund;közepes;1;29;foghiányos;rossz;nagy fekete vörös barna;több mozgást igényel;1;1;2023-9-27;http://localhost/www_tappancs_hu/62.jpg
41;Szeszi;2020-7-7;3;kan;Kis berni kopó;rossz;0;14;egészséges;rossz;közepes vörös rózsaszín barna;szeret úszni;1;1;2022-1-20;http://localhost/www_tappancs_hu/146.jpg
42;Lolka;2016-7-13;7;szuka;Bandog;közepes;1;28;fogszuvas;közepes;nagy szürke barna zöld;bélférges;1;1;2021-7-14;http://localhost/www_tappancs_hu/3.jpg
43;Ballu;2018-2-1;5;kan;Longdog;közepes;0;23;egészséges;közepes;kicsi sárga sötétbarna kék;szeret az ablakban ülni;1;0;2023-11-3;http://localhost/www_tappancs_hu/51.jpg
44;Bogáncs;2016-3-8;7;kan;Dandie Dinmont-terrier;közepes;1;12;egészséges;közepes;kicsi arany vörös barna;szeret az ablakban ülni;1;0;2023-2-18;http://localhost/www_tappancs_hu/19.jpg
45;Scott;2020-12-12;3;szuka;Angol rókakopó;rossz;1;25;egészséges;egészséges;közepes szürke barna barna;több mozgást igényel;1;0;2021-7-13;http://localhost/www_tappancs_hu/42.jpg
46;Milli;2020-4-23;3;kan;Silken Windhound;rossz;0;17;egészséges;közepes;kicsi fekete sötétbarna zöld;szeret játszani a labdával;1;1;2021-9-24;http://localhost/www_tappancs_hu/11.jpg
47;Gerry;2018-7-15;5;szuka;Lancashire heeler;közepes;0;8;fogszuvas;egészséges;közepes fehér vörös zöld;szeret fürdeni a tóban;1;1;2023-10-13;http://localhost/www_tappancs_hu/105.jpg
48;Szofi;2018-6-21;5;szuka;West highland white terrier;egészséges;1;29;egészséges;rossz;közepes fehér rózsaszín zöld;szeret sétálni a parkban;1;1;2022-3-13;http://localhost/www_tappancs_hu/207.jpg
49;Mimi;2016-12-4;7;kan;Fekete-cser mosómedvekopó;egészséges;1;23;fogszuvas;egészséges;közepes fehér barna kék;szeret az ablakban ülni;1;0;2022-12-11;http://localhost/www_tappancs_hu/22.jpg
50;Zizi;2018-6-9;5;szuka;Bernáthegyi;rossz;0;10;fogszuvas;rossz;nagy szürke barna kék;imád aludni;1;1;2022-4-3;http://localhost/www_tappancs_hu/161.jpg
51;Jasper;2020-11-15;3;kan;Kis gascon-saintonge-i kopó;közepes;1;13;egészséges;rossz;kicsi vörös sötétbarna kék;kedveli a sétákat;1;0;2023-10-14;http://localhost/www_tappancs_hu/64.jpg
52;Anasztázia;2018-7-24;5;szuka;Hahoawu;közepes;0;16;foghiányos;egészséges;közepes arany sötétbarna kék;szeret futkosni a kertben;1;1;2022-6-14;http://localhost/www_tappancs_hu/177.jpg
53;Chilli;2017-7-7;6;kan;Gascogne-i kék griffon;közepes;1;3;egészséges;egészséges;kicsi vörös barna zöld;kedveli a sétákat;1;0;2021-2-25;http://localhost/www_tappancs_hu/122.jpg
54;Smokie;2019-1-17;4;kan;Kis svájci kopó;közepes;0;17;foghiányos;egészséges;kicsi fehér fekete kék;szeret kutyakölykökkel játszani;1;1;2021-12-13;http://localhost/www_tappancs_hu/204.jpg
55;Zafira;2017-9-2;6;kan;Gordon szetter;rossz;1;30;fogszuvas;egészséges;kicsi tigriscsíkos fekete barna;kedves és barátságos;1;0;2022-2-15;http://localhost/www_tappancs_hu/22.jpg
56;Mézeske;2019-10-25;4;szuka;Angol bulldog;közepes;1;9;foghiányos;rossz;nagy foltos rózsaszín barna;szeret játszani;1;0;2023-9-12;http://localhost/www_tappancs_hu/51.jpg
57;Espresso;2018-3-27;5;kan;Kras-medencei juhászkutya;egészséges;0;8;egészséges;egészséges;nagy fekete rózsaszín kék;be van gyulladva a füle;1;1;2022-7-11;http://localhost/www_tappancs_hu/95.jpg
58;Zeusz;2018-7-28;5;kan;Drótszőrű portugál kopó;rossz;0;22;foghiányos;közepes;közepes szürke vörös kék;bélférges;1;1;2021-11-14;http://localhost/www_tappancs_hu/145.jpg
59;Limbó;2015-8-24;8;szuka;Boszniai kopó;egészséges;1;6;fogszuvas;közepes;kicsi tigriscsíkos fekete kék;szeret játszani a labdával;1;0;2023-4-9;http://localhost/www_tappancs_hu/138.jpg
60;Rex;2020-9-21;3;szuka;Hokkaido inu;közepes;1;13;egészséges;közepes;kicsi fehér vörös kék;szeret úszni;1;1;2021-9-16;http://localhost/www_tappancs_hu/204.jpg
61;Jockey;2015-7-23;8;kan;Fáraókutya;egészséges;1;21;foghiányos;egészséges;nagy fekete rózsaszín zöld;kedves és barátságos;1;1;2021-7-5;http://localhost/www_tappancs_hu/83.jpg
62;Zizi;2018-3-24;5;szuka;Mudhol Hound;rossz;1;6;fogszuvas;egészséges;nagy tigriscsíkos fekete kék;több mozgást igényel;1;0;2023-4-19;http://localhost/www_tappancs_hu/142.jpg
63;Espresso;2017-9-9;6;szuka;Clumber spániel;rossz;0;9;foghiányos;rossz;közepes szürke vörös zöld;kedveli a sétákat;1;1;2023-7-8;http://localhost/www_tappancs_hu/48.jpg
64;Meggi;2020-7-9;3;kan;Mountain cur;egészséges;1;26;foghiányos;közepes;kicsi vörös vörös zöld;be van gyulladva a füle;1;1;2023-9-4;http://localhost/www_tappancs_hu/133.jpg
65;Edith;2017-8-7;6;szuka;Sarplaninai juhászkutya;rossz;1;13;egészséges;egészséges;közepes arany sötétbarna kék;szeret sétálni a parkban;1;1;2021-6-22;http://localhost/www_tappancs_hu/43.jpg
66;Zsuzsu;2019-11-25;4;kan;Cseh terrier;közepes;1;25;foghiányos;közepes;közepes arany sötétbarna zöld;szeret játszani;1;0;2023-5-12;http://localhost/www_tappancs_hu/170.jpg
67;Gerry;2018-6-25;5;kan;Welsh springer spániel;egészséges;0;12;foghiányos;rossz;közepes szürke vörös barna;szeret fürdeni a tóban;1;1;2023-6-14;http://localhost/www_tappancs_hu/129.jpg
68;Ofra;2019-11-2;4;szuka;Bullmasztiff;rossz;1;11;egészséges;egészséges;kicsi sárga rózsaszín kék;szeret úszni;1;0;2023-8-4;http://localhost/www_tappancs_hu/49.jpg
69;Morti;2020-6-11;3;szuka;Angol pointer;egészséges;0;26;egészséges;rossz;nagy foltos sötétbarna barna;szeret sétálni a parkban;1;0;2023-8-20;http://localhost/www_tappancs_hu/210.jpg
70;Cherie;2017-2-27;6;szuka;Whippet;közepes;1;28;egészséges;egészséges;közepes fehér rózsaszín barna;szeret kutyakölykökkel játszani;1;0;2021-7-1;http://localhost/www_tappancs_hu/29.jpg
71;Jegecske;2017-12-28;6;kan;Wetterhoun;egészséges;0;17;fogszuvas;rossz;kicsi vörös fekete kék;imád aludni;1;0;2022-4-6;http://localhost/www_tappancs_hu/30.jpg
72;Kaarjack;2015-1-3;8;kan;Szávavölgyi kopó;rossz;0;30;egészséges;közepes;nagy fekete barna kék;szeret kutyakölykökkel játszani;1;0;2021-5-1;http://localhost/www_tappancs_hu/152.jpg
73;Pitti;2016-9-6;7;kan;Husky;közepes;1;23;egészséges;egészséges;kicsi tigriscsíkos barna zöld;be van gyulladva a füle;1;0;2023-3-7;http://localhost/www_tappancs_hu/198.jpg
74;Luigi;2019-5-7;4;kan;Amerikai pitbull terrier;közepes;1;4;fogszuvas;közepes;kicsi sárga barna kék;szeret játszani;1;1;2021-11-17;http://localhost/www_tappancs_hu/135.jpg
75;Askim;2015-2-8;8;szuka;Pikárdiai juhászkutya;egészséges;1;23;fogszuvas;közepes;nagy fekete vörös zöld;szeret labdázni;1;0;2021-7-19;http://localhost/www_tappancs_hu/63.jpg
76;Narancs;2017-8-10;6;szuka;Drótszőrű magyar vizsla;rossz;0;16;fogszuvas;egészséges;közepes fehér fekete zöld;kedves és barátságos;1;0;2023-5-14;http://localhost/www_tappancs_hu/187.jpg
77;Okonor;2019-4-5;4;szuka;Kaliba kutya;rossz;1;24;fogszuvas;rossz;nagy fekete vörös barna;szeret az ablakban ülni;1;1;2022-7-24;http://localhost/www_tappancs_hu/36.jpg
78;Fifi;2020-11-2;3;szuka;Kárpáti pásztorkutya;rossz;1;6;fogszuvas;rossz;kicsi arany fekete zöld;szeret az ablakban ülni;1;1;2022-5-1;http://localhost/www_tappancs_hu/107.jpg
79;Terry;2018-9-1;5;szuka;Ausztrál kelpie;közepes;0;22;egészséges;közepes;közepes barna barna kék;imád aludni;1;0;2021-1-21;http://localhost/www_tappancs_hu/25.jpg
80;Kai;2016-10-5;7;szuka;Beagle;közepes;0;7;egészséges;egészséges;közepes fekete sötétbarna zöld;szeret ölelni;1;0;2021-12-25;http://localhost/www_tappancs_hu/120.jpg
81;Bözsi;2019-3-11;4;kan;Kunming kutya;egészséges;0;24;foghiányos;rossz;nagy arany vörös kék;szeret kutyakölykökkel játszani;1;1;2021-1-21;http://localhost/www_tappancs_hu/189.jpg
82;Furby;2017-4-26;6;szuka;Dalmata;közepes;1;1;fogszuvas;rossz;nagy sárga sötétbarna zöld;kedveli a sétákat;1;0;2023-2-10;http://localhost/www_tappancs_hu/190.jpg
83;Lili;2016-6-24;7;kan;Spanyol vízikutya;egészséges;1;21;foghiányos;rossz;kicsi arany barna barna;bélférges;1;1;2023-8-9;http://localhost/www_tappancs_hu/54.jpg
84;Apolló;2017-3-5;6;szuka;Bernáthegyi;egészséges;0;11;egészséges;rossz;nagy foltos rózsaszín barna;szeret ölelni;1;0;2021-8-25;http://localhost/www_tappancs_hu/115.jpg
85;Fifi;2020-5-3;3;szuka;Welsh springer spániel;rossz;1;8;egészséges;rossz;kicsi tigriscsíkos barna zöld;szeret fürdeni a tóban;1;1;2023-1-21;http://localhost/www_tappancs_hu/117.jpg
86;Maya;2020-8-8;3;szuka;Boerboel;közepes;1;22;egészséges;egészséges;nagy sárga rózsaszín zöld;szeret futkosni a kertben;1;1;2021-10-24;http://localhost/www_tappancs_hu/159.jpg
87;Zafír;2018-9-11;5;szuka;Svájci kopó;egészséges;0;25;fogszuvas;közepes;nagy szürke fekete kék;szeret úszni;1;0;2022-7-28;http://localhost/www_tappancs_hu/158.jpg
88;Léda;2017-9-27;6;kan;Ír terrier;rossz;1;5;fogszuvas;rossz;közepes fekete sötétbarna zöld;bélférges;1;0;2021-3-24;http://localhost/www_tappancs_hu/31.jpg
89;Parádé;2019-3-15;4;szuka;Hamilton-kopó;közepes;1;23;foghiányos;rossz;nagy arany sötétbarna kék;szeret az ablakban ülni;1;1;2023-9-18;http://localhost/www_tappancs_hu/54.jpg
90;Kleó;2015-7-2;8;kan;Flandriai pásztorkutya;rossz;1;16;foghiányos;közepes;nagy foltos fekete kék;köröm vágást igényel;1;1;2021-2-10;http://localhost/www_tappancs_hu/105.jpg
91;Viti;2018-6-28;5;szuka;Savoye-i pásztorkutya;egészséges;1;4;foghiányos;közepes;nagy tigriscsíkos rózsaszín zöld;szeret sétálni a parkban;1;1;2022-9-16;http://localhost/www_tappancs_hu/150.jpg
92;Iván;2019-6-4;4;kan;Arab agár;egészséges;0;28;egészséges;egészséges;közepes arany sötétbarna barna;szeret játszani a labdával;1;0;2022-10-8;http://localhost/www_tappancs_hu/9.jpg
93;Jorgosz;2017-8-24;6;szuka;Délorosz juhászkutya;rossz;0;8;foghiányos;rossz;kicsi barna barna barna;bélférges;1;1;2021-4-25;http://localhost/www_tappancs_hu/122.jpg
94;Szerecsendió;2015-1-3;8;szuka;Skye terrier;közepes;0;12;foghiányos;rossz;kicsi tigriscsíkos fekete barna;kedves és barátságos;1;0;2023-8-11;http://localhost/www_tappancs_hu/88.jpg
95;Dolfi;2020-2-7;3;kan;Cane corso;rossz;0;19;fogszuvas;rossz;nagy barna fekete kék;szeret sétálni a parkban;1;1;2021-6-2;http://localhost/www_tappancs_hu/146.jpg
96;Foxi;2015-1-14;8;kan;Pikárdiai juhászkutya;egészséges;1;29;egészséges;egészséges;közepes vörös barna barna;szeret nyugodtan pihenni;1;0;2022-12-16;http://localhost/www_tappancs_hu/1.jpg
97;Sámson;2017-9-10;6;szuka;Mudi;közepes;1;14;fogszuvas;rossz;közepes foltos sötétbarna zöld;imád aludni;1;1;2021-5-13;http://localhost/www_tappancs_hu/139.jpg
98;Pongó;2019-5-21;4;szuka;Broholmer;rossz;0;20;egészséges;közepes;nagy fehér fekete kék;szeret labdázni;1;1;2022-4-28;http://localhost/www_tappancs_hu/107.jpg
99;Goldy;2017-1-7;6;kan;Ír vízispániel;egészséges;1;12;foghiányos;rossz;kicsi fehér fekete kék;szeret nyugodtan pihenni;1;0;2023-11-6;http://localhost/www_tappancs_hu/124.jpg
100;Leila;2020-6-20;3;kan;Cirneco dell’Etna;egészséges;0;9;foghiányos;rossz;nagy vörös sötétbarna kék;kedves és barátságos;1;1;2021-2-17;http://localhost/www_tappancs_hu/48.jpg
101;Ofra;2016-1-17;7;szuka;Akbash;rossz;1;25;foghiányos;rossz;nagy foltos rózsaszín zöld;szeret fürdeni a tóban;1;1;2021-4-21;http://localhost/www_tappancs_hu/155.jpg
102;Shiva;2018-2-18;5;kan;Kunming kutya;rossz;0;30;fogszuvas;közepes;közepes fehér vörös zöld;szeret nyugodtan pihenni;1;1;2022-6-12;http://localhost/www_tappancs_hu/13.jpg
103;Maya;2018-5-21;5;szuka;Szávavölgyi kopó;rossz;0;18;egészséges;közepes;kicsi tigriscsíkos barna zöld;szeret nyugodtan pihenni;1;1;2023-1-20;http://localhost/www_tappancs_hu/133.jpg
104;Sziszi;2015-8-2;8;kan;Észak-amerikai juhászkutya;rossz;0;29;foghiányos;egészséges;nagy vörös barna kék;szeret kutyakölykökkel játszani;1;0;2023-11-22;http://localhost/www_tappancs_hu/41.jpg
105;Pandúr;2016-11-25;7;kan;Hertha pointer;közepes;1;6;egészséges;rossz;nagy sárga vörös barna;szeret labdázni;1;0;2023-10-26;http://localhost/www_tappancs_hu/132.jpg
106;Szeti;2016-11-11;7;kan;Hahoawu;egészséges;1;7;egészséges;közepes;kicsi szürke rózsaszín barna;kedveli a sétákat;1;0;2023-7-21;http://localhost/www_tappancs_hu/190.jpg
107;Igloo;2015-11-1;8;szuka;Laekenois;közepes;0;20;foghiányos;rossz;nagy sárga barna zöld;szeret futkosni a kertben;1;1;2023-8-5;http://localhost/www_tappancs_hu/162.jpg
108;Kaarjack;2018-6-6;5;szuka;Kis gascogne-i kék kopó;rossz;0;11;egészséges;közepes;nagy foltos rózsaszín kék;szeret az ablakban ülni;1;0;2021-6-1;http://localhost/www_tappancs_hu/179.jpg
109;Cadbury;2017-9-9;6;szuka;Griffon;egészséges;1;21;egészséges;rossz;nagy vörös rózsaszín zöld;szeret úszni;1;0;2021-6-6;http://localhost/www_tappancs_hu/1.jpg
110;Jimmy;2020-4-5;3;szuka;Magyar vizsla;egészséges;0;10;fogszuvas;rossz;közepes arany vörös barna;be van gyulladva a füle;1;1;2023-11-28;http://localhost/www_tappancs_hu/154.jpg
111;Jonathan;2019-6-27;4;kan;Francia kopó;egészséges;1;30;egészséges;rossz;kicsi vörös rózsaszín zöld;köröm vágást igényel;1;0;2021-6-2;http://localhost/www_tappancs_hu/208.jpg
112;Nina;2016-9-6;7;szuka;Flandriai pásztorkutya;közepes;1;18;foghiányos;közepes;közepes szürke sötétbarna barna;szeret labdázni;1;1;2022-6-11;http://localhost/www_tappancs_hu/27.jpg
113;Téra;2017-2-19;6;kan;Nivernais-i griffon;rossz;1;1;foghiányos;egészséges;nagy fekete vörös zöld;szeret fürdeni a tóban;1;1;2023-7-19;http://localhost/www_tappancs_hu/61.jpg
114;Ofélia;2016-11-27;7;kan;Brie-i juhászkutya;közepes;1;16;fogszuvas;közepes;közepes sárga rózsaszín zöld;szeret úszni;1;0;2022-12-2;http://localhost/www_tappancs_hu/116.jpg
115;Lulu;2019-8-22;4;szuka;Weimari vizsla;közepes;0;13;egészséges;rossz;nagy barna sötétbarna barna;szeret sétálni a parkban;1;0;2021-10-16;http://localhost/www_tappancs_hu/165.jpg
116;Furby;2020-7-20;3;kan;Brazil terrier;rossz;0;28;egészséges;közepes;közepes fehér rózsaszín zöld;bélférges;1;1;2023-12-6;http://localhost/www_tappancs_hu/165.jpg
117;Suzy;2020-2-26;3;szuka;Ír szetter;közepes;0;18;foghiányos;egészséges;közepes foltos vörös kék;szeret fürdeni a tóban;1;0;2022-4-7;http://localhost/www_tappancs_hu/34.jpg
118;Lady;2017-10-11;6;szuka;Rövidszőrű skót juhászkutya;egészséges;0;16;egészséges;egészséges;kicsi barna barna kék;szeret úszni;1;1;2023-4-19;http://localhost/www_tappancs_hu/192.jpg
119;Gerry;2019-7-11;4;szuka;Basenji;egészséges;1;5;fogszuvas;közepes;nagy szürke sötétbarna kék;szeret nyugodtan pihenni;1;1;2022-12-18;http://localhost/www_tappancs_hu/93.jpg
120;Ádáz;2017-11-26;6;kan;Bali hegyikutya;egészséges;1;20;foghiányos;rossz;közepes sárga sötétbarna zöld;imád aludni;1;1;2023-11-2;http://localhost/www_tappancs_hu/92.jpg
121;Igloo;2015-9-28;8;kan;bolonka francuska;rossz;1;11;egészséges;rossz;kicsi fehér barna zöld;köröm vágást igényel;1;1;2023-10-27;http://localhost/www_tappancs_hu/85.jpg
122;Jockey;2016-3-23;7;kan;Norvég lundehund;egészséges;1;13;foghiányos;egészséges;kicsi foltos barna kék;be van gyulladva a füle;1;1;2021-3-12;http://localhost/www_tappancs_hu/10.jpg
123;Shiva;2016-3-24;7;szuka;Lengyel agár;közepes;0;20;fogszuvas;rossz;közepes fehér barna zöld;szeret labdázni;1;0;2021-5-9;http://localhost/www_tappancs_hu/176.jpg
124;Lassie;2015-3-15;8;kan;Boykin spániel;rossz;0;9;egészséges;közepes;közepes foltos vörös zöld;szeret játszani a labdával;1;0;2022-6-18;http://localhost/www_tappancs_hu/37.jpg
125;Keisha;2018-2-21;5;kan;Csivava;közepes;1;4;egészséges;rossz;közepes barna sötétbarna barna;szeret futkosni a kertben;1;1;2021-4-15;http://localhost/www_tappancs_hu/49.jpg
126;Mazsola;2016-12-17;7;kan;Savoye-i pásztorkutya;közepes;0;16;fogszuvas;közepes;kicsi szürke vörös kék;szeret nyugodtan pihenni;1;0;2023-11-8;http://localhost/www_tappancs_hu/99.jpg
127;Desiré;2017-1-3;6;kan;Groenendael;közepes;0;28;egészséges;közepes;kicsi barna vörös kék;szeret kutyakölykökkel játszani;1;1;2022-12-20;http://localhost/www_tappancs_hu/63.jpg
128;Dean;2019-5-20;4;szuka;Komondor  Magyarország;rossz;1;24;foghiányos;rossz;kicsi fehér vörös zöld;szeret sétálni a parkban;1;0;2023-3-15;http://localhost/www_tappancs_hu/15.jpg
129;Alfonz;2020-11-25;3;kan;Malinois;rossz;1;20;foghiányos;rossz;nagy sárga rózsaszín zöld;szeret játszani;1;0;2021-7-5;http://localhost/www_tappancs_hu/126.jpg
130;Mambó;2015-3-17;8;szuka;Nagy gascon-saintonge-i kopó;egészséges;1;13;fogszuvas;rossz;kicsi sárga fekete zöld;több mozgást igényel;1;1;2022-1-20;http://localhost/www_tappancs_hu/89.jpg
131;Rómeó;2015-10-28;8;kan;Svájci fehér juhászkutya;egészséges;0;20;egészséges;közepes;kicsi fehér barna kék;szeret ölelni;1;0;2021-6-22;http://localhost/www_tappancs_hu/39.jpg
132;Fifi;2016-2-7;7;szuka;Simaszőrű portugál kopó;rossz;0;3;fogszuvas;rossz;kicsi barna fekete zöld;szeret kutyakölykökkel játszani;1;1;2023-10-1;http://localhost/www_tappancs_hu/202.jpg
133;Ollé;2018-12-4;5;szuka;Tajvani kutya;közepes;0;23;foghiányos;rossz;nagy foltos barna barna;imád aludni;1;1;2021-3-11;http://localhost/www_tappancs_hu/118.jpg
134;Ursula;2017-12-16;6;szuka;Német pinscher;egészséges;1;15;egészséges;egészséges;közepes szürke rózsaszín zöld;szeret fürdeni a tóban;1;0;2022-8-2;http://localhost/www_tappancs_hu/83.jpg
135;Killer;2016-12-6;7;kan;Bichon bolognese;egészséges;0;5;fogszuvas;közepes;közepes foltos rózsaszín zöld;szeret játszani a labdával;1;1;2022-2-14;http://localhost/www_tappancs_hu/138.jpg
136;Bohém;2019-4-8;4;szuka;Bőrtokos kalippó;rossz;0;5;fogszuvas;közepes;közepes fehér sötétbarna barna;szeret nyugodtan pihenni;1;1;2021-8-5;http://localhost/www_tappancs_hu/148.jpg
137;Behemót;2017-5-27;6;kan;Bichon havanese;rossz;0;18;foghiányos;rossz;nagy foltos fekete barna;szeret ölelni;1;1;2022-7-14;http://localhost/www_tappancs_hu/99.jpg
138;Iván;2018-10-4;5;szuka;Bretagne-i cserszínű griffon;egészséges;0;24;egészséges;közepes;közepes sárga vörös barna;be van gyulladva a füle;1;0;2022-11-1;http://localhost/www_tappancs_hu/170.jpg
139;Molly;2015-10-8;8;kan;Norvég lundehund;egészséges;1;12;foghiányos;egészséges;kicsi arany sötétbarna kék;be van gyulladva a füle;1;1;2021-7-4;http://localhost/www_tappancs_hu/70.jpg
140;Ördög;2017-10-10;6;kan;Weimari vizsla;közepes;1;1;egészséges;egészséges;közepes barna sötétbarna zöld;köröm vágást igényel;1;1;2023-9-8;http://localhost/www_tappancs_hu/101.jpg
141;Nelson;2015-12-26;8;szuka;Kangal;egészséges;1;12;foghiányos;egészséges;kicsi fekete rózsaszín zöld;több mozgást igényel;1;0;2023-10-24;http://localhost/www_tappancs_hu/134.jpg
142;Tekergő;2016-3-23;7;szuka;Kis gascogne-i kék kopó;egészséges;0;4;egészséges;közepes;közepes barna barna zöld;kedveli a sétákat;1;0;2023-4-9;http://localhost/www_tappancs_hu/187.jpg
143;Pepe;2018-9-2;5;szuka;Finn spicc;rossz;0;26;foghiányos;rossz;közepes szürke rózsaszín zöld;szeret ölelni;1;1;2023-2-1;http://localhost/www_tappancs_hu/167.jpg
144;Mambó;2015-11-21;8;szuka;Markiesje;közepes;0;16;fogszuvas;rossz;közepes fekete rózsaszín zöld;szeret sétálni a parkban;1;0;2023-1-10;http://localhost/www_tappancs_hu/138.jpg
145;Nelson;2016-9-14;7;szuka;Coton de tuléar;rossz;0;8;foghiányos;rossz;kicsi barna sötétbarna zöld;több mozgást igényel;1;0;2023-5-25;http://localhost/www_tappancs_hu/169.jpg
146;Illés;2016-9-8;7;kan;Drótszőrű foxterrier;közepes;1;8;fogszuvas;rossz;nagy foltos fekete zöld;be van gyulladva a füle;1;0;2021-9-27;http://localhost/www_tappancs_hu/91.jpg
147;Lulu;2020-5-9;3;kan;Holland smoushond;egészséges;1;3;egészséges;egészséges;nagy sárga sötétbarna kék;szeret labdázni;1;0;2023-6-18;http://localhost/www_tappancs_hu/11.jpg
148;Szultán;2015-8-7;8;kan;Harrier (Nyúlászkopó);egészséges;1;6;egészséges;közepes;kicsi barna barna zöld;kedveli a sétákat;1;0;2021-3-2;http://localhost/www_tappancs_hu/137.jpg
149;Kefir;2016-4-21;7;szuka;Kánaán kutya;rossz;0;8;egészséges;közepes;közepes fekete barna barna;szeret kutyakölykökkel játszani;1;0;2023-3-20;http://localhost/www_tappancs_hu/78.jpg
150;Zsüti;2016-4-28;7;kan;Drótszőrű isztriai kopó;egészséges;0;15;fogszuvas;rossz;nagy foltos barna zöld;imád aludni;1;1;2023-10-17;http://localhost/www_tappancs_hu/107.jpg
151;Pedró;2016-3-2;7;szuka;Szetter;egészséges;0;22;foghiányos;rossz;közepes sárga fekete kék;szeret az ablakban ülni;1;0;2023-9-10;http://localhost/www_tappancs_hu/132.jpg
152;Zafira;2018-5-25;5;szuka;Pembroke welsh corgi;egészséges;1;11;foghiányos;rossz;nagy barna rózsaszín zöld;bélférges;1;0;2021-7-11;http://localhost/www_tappancs_hu/143.jpg
153;Fáraó;2018-4-18;5;kan;Staffordshire bullterrier;közepes;0;2;egészséges;egészséges;nagy fekete rózsaszín barna;köröm vágást igényel;1;1;2023-11-5;http://localhost/www_tappancs_hu/63.jpg
154;Jerry;2017-12-13;6;kan;Koreai jindo kutya;közepes;0;12;fogszuvas;közepes;kicsi foltos sötétbarna barna;szeret kutyakölykökkel játszani;1;0;2022-8-14;http://localhost/www_tappancs_hu/129.jpg
155;Rómeó;2015-3-22;8;szuka;Lagotto romagnolo;rossz;0;25;egészséges;rossz;közepes barna fekete barna;kedveli a sétákat;1;1;2022-6-23;http://localhost/www_tappancs_hu/12.jpg
156;Ládikó;2018-11-2;5;kan;Ardenneki pásztorkutya;egészséges;0;15;egészséges;rossz;nagy foltos vörös barna;kedveli a sétákat;1;0;2023-10-22;http://localhost/www_tappancs_hu/117.jpg
157;Zafira;2018-8-15;5;kan;Szetter;egészséges;0;23;fogszuvas;közepes;kicsi fehér rózsaszín barna;szeret úszni;1;1;2023-11-17;http://localhost/www_tappancs_hu/183.jpg
158;Dean;2017-9-21;6;szuka;Moszkvai őrkutya;közepes;0;26;foghiányos;rossz;közepes fehér sötétbarna kék;szeret fürdeni a tóban;1;1;2022-5-19;http://localhost/www_tappancs_hu/39.jpg
159;Pandúr;2020-6-27;3;szuka;Lajka;egészséges;1;3;fogszuvas;közepes;nagy foltos fekete kék;bélférges;1;1;2022-6-25;http://localhost/www_tappancs_hu/53.jpg
160;Hektor;2017-3-20;6;kan;Entlebuchi havasi kutya;egészséges;1;27;fogszuvas;rossz;kicsi fehér vörös barna;köröm vágást igényel;1;1;2023-3-6;http://localhost/www_tappancs_hu/30.jpg
161;Csibész;2017-12-15;6;szuka;Kras-medencei juhászkutya;egészséges;1;15;foghiányos;egészséges;nagy arany barna kék;szeret kutyakölykökkel játszani;1;1;2022-3-17;http://localhost/www_tappancs_hu/48.jpg
162;Vacak;2018-8-16;5;kan;Hygen kopó;egészséges;0;29;egészséges;egészséges;közepes fehér barna kék;szeret az ablakban ülni;1;1;2021-8-3;http://localhost/www_tappancs_hu/144.jpg
163;Nimród;2016-11-14;7;szuka;Pikárdiai juhászkutya;egészséges;1;25;egészséges;rossz;kicsi vörös sötétbarna zöld;be van gyulladva a füle;1;1;2023-1-17;http://localhost/www_tappancs_hu/94.jpg
164;Pisze;2019-2-2;4;szuka;Olasz volpino;közepes;0;23;foghiányos;rossz;nagy szürke rózsaszín barna;szeret az ablakban ülni;1;0;2021-7-8;http://localhost/www_tappancs_hu/6.jpg
165;Fáraó;2020-3-20;3;kan;Brüsszeli griffon;egészséges;1;2;foghiányos;egészséges;nagy szürke fekete barna;szeret futkosni a kertben;1;1;2021-7-6;http://localhost/www_tappancs_hu/136.jpg
166;Rinó;2020-9-5;3;szuka;Spanyol kopó;rossz;0;27;foghiányos;rossz;nagy foltos sötétbarna zöld;szeret játszani a labdával;1;1;2022-2-20;http://localhost/www_tappancs_hu/144.jpg
167;Stella;2015-4-24;8;kan;Lurcher;rossz;0;12;foghiányos;rossz;nagy szürke rózsaszín zöld;imád aludni;1;1;2022-1-26;http://localhost/www_tappancs_hu/70.jpg
168;Mambó;2015-7-2;8;kan;Kis angol terrier;egészséges;0;22;fogszuvas;rossz;kicsi sárga sötétbarna zöld;szeret labdázni;1;1;2021-3-2;http://localhost/www_tappancs_hu/32.jpg
169;Zeusz;2016-2-5;7;szuka;Ibizai kopó;egészséges;0;7;foghiányos;egészséges;nagy fehér barna zöld;szeret futkosni a kertben;1;1;2022-6-24;http://localhost/www_tappancs_hu/52.jpg
170;Milli;2017-1-16;6;kan;Göndörszőrű retriever;közepes;0;3;foghiányos;közepes;közepes vörös rózsaszín zöld;szeret nyugodtan pihenni;1;0;2021-7-1;http://localhost/www_tappancs_hu/20.jpg
171;Szultán;2019-2-3;4;szuka;Svájci kopó;közepes;1;5;foghiányos;közepes;közepes arany rózsaszín kék;kedveli a sétákat;1;0;2023-12-19;http://localhost/www_tappancs_hu/181.jpg
172;Afton;2015-11-28;8;szuka;Hamilton-kopó;egészséges;1;11;egészséges;egészséges;közepes barna sötétbarna kék;több mozgást igényel;1;1;2023-11-3;http://localhost/www_tappancs_hu/126.jpg
173;Ballu;2020-11-15;3;kan;Finn lapphund;rossz;0;5;fogszuvas;egészséges;nagy fehér barna barna;szeret nyugodtan pihenni;1;0;2021-6-11;http://localhost/www_tappancs_hu/162.jpg
174;Ofra;2016-2-27;7;szuka;Entlebuchi havasi kutya;rossz;0;2;fogszuvas;rossz;közepes fehér sötétbarna zöld;szeret labdázni;1;0;2021-8-13;http://localhost/www_tappancs_hu/104.jpg
175;Csöpi;2020-2-28;3;kan;Simaszőrű foxterrier;egészséges;0;16;egészséges;egészséges;nagy tigriscsíkos barna kék;szeret játszani a labdával;1;1;2021-12-5;http://localhost/www_tappancs_hu/22.jpg
176;Horka;2018-2-25;5;kan;Portugál vízikutya;közepes;0;24;fogszuvas;rossz;nagy fekete fekete barna;szeret fürdeni a tóban;1;0;2023-11-28;http://localhost/www_tappancs_hu/49.jpg
177;Elvis;2016-7-10;7;szuka;Manchester terrier;rossz;0;26;fogszuvas;rossz;közepes foltos sötétbarna barna;szeret ölelni;1;0;2021-3-21;http://localhost/www_tappancs_hu/109.jpg
178;Csibész;2018-4-15;5;szuka;Lengyel hegyi juhászkutya;egészséges;1;7;fogszuvas;egészséges;nagy barna vörös barna;szeret labdázni;1;0;2023-11-18;http://localhost/www_tappancs_hu/90.jpg
179;Plutó;2018-7-12;5;szuka;Bernáthegyi;egészséges;1;27;foghiányos;közepes;nagy vörös fekete kék;kedveli a sétákat;1;1;2021-5-22;http://localhost/www_tappancs_hu/35.jpg
180;Furby;2015-11-11;8;kan;Óangol juhászkutya;rossz;1;14;egészséges;közepes;nagy fekete rózsaszín zöld;szeret fürdeni a tóban;1;1;2023-2-8;http://localhost/www_tappancs_hu/61.jpg
181;Igloo;2015-8-25;8;kan;Rampur agár;rossz;0;20;foghiányos;közepes;közepes fehér fekete barna;szeret labdázni;1;0;2021-4-24;http://localhost/www_tappancs_hu/127.jpg
182;Fabula;2018-7-25;5;szuka;Óangol juhászkutya;rossz;0;26;egészséges;rossz;kicsi szürke fekete kék;szeret fürdeni a tóban;1;1;2023-8-7;http://localhost/www_tappancs_hu/188.jpg
183;Szeszi;2018-7-16;5;szuka;Német fürjészeb;rossz;0;14;egészséges;rossz;közepes sárga sötétbarna zöld;szeret fürdeni a tóban;1;1;2021-3-18;http://localhost/www_tappancs_hu/123.jpg
184;Jockey;2015-1-5;8;kan;Orosz-európai lajka;közepes;0;2;egészséges;rossz;kicsi foltos sötétbarna kék;szeret az ablakban ülni;1;0;2022-12-4;http://localhost/www_tappancs_hu/120.jpg
185;Bugatti;2017-8-4;6;szuka;Szlovák drótszőrű vizsla;rossz;0;22;fogszuvas;egészséges;nagy foltos vörös zöld;szeret fürdeni a tóban;1;1;2023-2-14;http://localhost/www_tappancs_hu/193.jpg
186;Viti;2016-8-19;7;szuka;Törpe uszkár;rossz;1;1;fogszuvas;közepes;közepes foltos fekete barna;be van gyulladva a füle;1;1;2022-6-15;http://localhost/www_tappancs_hu/68.jpg
187;Dingó;2018-7-12;5;szuka;Amerikai Bulldog;rossz;1;14;fogszuvas;egészséges;nagy szürke sötétbarna kék;bélférges;1;0;2022-8-11;http://localhost/www_tappancs_hu/36.jpg
188;Pötyi;2015-1-24;8;kan;Fekete sery;rossz;1;16;egészséges;rossz;nagy vörös barna zöld;kedves és barátságos;1;0;2022-4-25;http://localhost/www_tappancs_hu/34.jpg
189;Zafír;2017-4-2;6;szuka;Harlekin pincser;közepes;0;1;fogszuvas;rossz;közepes fehér vörös zöld;szeret fürdeni a tóban;1;0;2021-10-24;http://localhost/www_tappancs_hu/155.jpg
190;Jockey;2019-4-8;4;kan;Angol bulldog;egészséges;1;16;fogszuvas;rossz;közepes vörös rózsaszín barna;szeret sétálni a parkban;1;1;2023-6-2;http://localhost/www_tappancs_hu/151.jpg
191;Kuku;2019-3-23;4;szuka;Mudhol Hound;rossz;1;23;egészséges;egészséges;kicsi fehér barna kék;szeret úszni;1;1;2021-2-10;http://localhost/www_tappancs_hu/105.jpg
192;Zsuzsu;2018-4-9;5;kan;Belga vizsla;egészséges;0;20;egészséges;közepes;kicsi arany sötétbarna kék;bélférges;1;0;2023-2-16;http://localhost/www_tappancs_hu/197.jpg
193;Bözsi;2016-7-18;7;szuka;Bearded collie;közepes;0;8;egészséges;egészséges;közepes tigriscsíkos vörös zöld;szeret fürdeni a tóban;1;0;2023-9-24;http://localhost/www_tappancs_hu/155.jpg
194;Vacak;2016-2-13;7;szuka;Bukovinai pásztorkutya;közepes;0;13;foghiányos;közepes;közepes vörös vörös barna;köröm vágást igényel;1;0;2021-1-14;http://localhost/www_tappancs_hu/193.jpg
195;Mancs;2018-4-28;5;szuka;Brabanti kis griffon;rossz;1;9;foghiányos;egészséges;közepes tigriscsíkos vörös zöld;több mozgást igényel;1;1;2022-3-5;http://localhost/www_tappancs_hu/111.jpg
196;Stella;2017-6-15;6;kan;Pumi;rossz;0;30;egészséges;rossz;nagy foltos sötétbarna zöld;szeret labdázni;1;1;2023-2-22;http://localhost/www_tappancs_hu/44.jpg
197;Grész;2019-6-24;4;kan;Katalán pásztorkutya;közepes;0;27;egészséges;egészséges;közepes fehér rózsaszín kék;szeret játszani a labdával;1;1;2021-1-19;http://localhost/www_tappancs_hu/171.jpg
198;Pitti;2017-12-4;6;kan;Utonagan;rossz;1;30;fogszuvas;közepes;közepes foltos barna barna;szeret az ablakban ülni;1;0;2022-3-12;http://localhost/www_tappancs_hu/12.jpg
199;Bessz;2015-10-8;8;szuka;Ónémet juhászkutya;egészséges;0;17;fogszuvas;egészséges;közepes fehér vörös zöld;szeret játszani a labdával;1;1;2021-10-19;http://localhost/www_tappancs_hu/85.jpg
200;Lulu;2018-2-8;5;kan;Portugál vizsla;rossz;0;25;foghiányos;rossz;kicsi tigriscsíkos barna kék;kedveli a sétákat;1;1;2022-1-1;http://localhost/www_tappancs_hu/78.jpg
201;Lady;2016-3-26;7;szuka;Nagyspitz;egészséges;1;11;fogszuvas;rossz;kicsi fekete sötétbarna kék;szeret nyugodtan pihenni;1;0;2021-2-5;http://localhost/www_tappancs_hu/17.jpg
202;Vitéz;2020-8-24;3;szuka;Toy uszkár;rossz;0;21;foghiányos;rossz;kicsi sárga fekete zöld;szeret labdázni;1;0;2022-8-10;http://localhost/www_tappancs_hu/67.jpg
203;Maggie;2016-6-26;7;kan;Trikolor nagy angol-francia kopó;rossz;1;10;fogszuvas;rossz;nagy fekete barna barna;imád aludni;1;0;2021-10-23;http://localhost/www_tappancs_hu/134.jpg
204;Edith;2016-10-25;7;kan;Azawakh;rossz;0;27;egészséges;egészséges;közepes arany sötétbarna barna;be van gyulladva a füle;1;0;2023-10-12;http://localhost/www_tappancs_hu/177.jpg
205;Rézi;2020-8-22;3;szuka;Szibériai husky;rossz;1;20;fogszuvas;közepes;közepes barna fekete barna;köröm vágást igényel;1;1;2023-5-23;http://localhost/www_tappancs_hu/88.jpg
206;Zafír;2019-9-19;4;kan;Nápolyi masztiff;rossz;0;27;egészséges;rossz;nagy barna sötétbarna zöld;be van gyulladva a füle;1;1;2023-6-13;http://localhost/www_tappancs_hu/18.jpg
207;Lolka;2018-2-1;5;szuka;Bordeaux-i dog;rossz;0;23;egészséges;rossz;kicsi tigriscsíkos fekete zöld;szeret játszani;1;0;2021-6-18;http://localhost/www_tappancs_hu/42.jpg
208;Nessy;2020-8-8;3;szuka;Angol-francia falkavadász kopó;közepes;1;16;egészséges;közepes;nagy vörös rózsaszín barna;szeret labdázni;1;0;2023-8-27;http://localhost/www_tappancs_hu/135.jpg
209;Aramis;2016-6-27;7;szuka;Lagotto romagnolo;közepes;0;14;foghiányos;közepes;nagy fekete rózsaszín zöld;köröm vágást igényel;1;0;2022-2-14;http://localhost/www_tappancs_hu/103.jpg
